18.290001,18.5,18.040001,18.469999
18.389999,19.059999,18.27,19.01
19.030001,19.110001,18.809999,19.09
18.459999,19,18.450001,18.530001
18.4,19.120001,18.4,19.120001
19.01,19.459999,18.969999,19.35
19.49,19.49,19.08,19.17
19.290001,19.6,19.280001,19.440001
19.639999,20.51,19.51,20.51
20.299999,20.459999,20.15,20.16
20.23,20.700001,20,20.440001
20.58,21.209999,20.559999,21.209999
21.049999,21.18,20.65,20.67
20.809999,20.809999,20.15,20.65
20.76,21.01,20.57,20.73
20.84,21.16,20.469999,21.049999
21.389999,21.68,21.25,21.299999
21.360001,21.440001,21.110001,21.33
21.17,21.34,20.969999,21.309999
21.25,21.25,20.799999,20.91
21.08,21.450001,20.92,21.34
21.5,22.040001,21.440001,21.83
21.629999,21.65,21.120001,21.35
21.309999,21.370001,20.889999,20.969999
20.870001,20.91,20.51,20.74
21.01,21.440001,20.9,21.4
21.4,21.43,20.74,21.09
20.940001,20.99,20.440001,20.530001
20.52,20.940001,20.52,20.9
20.75,21.200001,20.58,20.860001
20.76,21.5,20.5,20.92
21.059999,21.34,20.790001,21.219999
20.99,21.690001,20.969999,21.49
21.370001,21.469999,21.15,21.190001
21.540001,21.940001,21.120001,21.809999
21.889999,22.01,21.620001,21.780001
21.950001,21.950001,21.469999,21.879999
22.09,22.290001,21.84,21.93
21.92,21.98,21.309999,21.559999
21.82,21.93,21.25,21.6
21.700001,21.700001,20.74,20.879999
21.049999,21.530001,20.66,20.82
20.559999,20.9,20.51,20.809999
21.07,21.07,20.549999,20.719999
20.549999,20.57,20.049999,20.24
20.309999,20.690001,20.15,20.559999
20.629999,20.870001,20.51,20.629999
20.76,21.26,20.76,21.26
21.01,21.5,20.809999,21.370001
21.440001,21.959999,21.379999,21.620001
20.4,20.4,18.85,19.41
19.41,19.58,19.049999,19.280001
19.15,19.959999,18.950001,19.790001
19.799999,19.879999,19.379999,19.4
19.4,19.59,19.09,19.389999
19.33,19.52,19.1,19.48
19.459999,20.01,19.459999,19.860001
19.57,19.969999,19.540001,19.85
19.49,19.67,19.299999,19.33
19.52,19.629999,19.27,19.379999
19.639999,19.690001,19.280001,19.43
18.969999,19.5,18.950001,19.41
19.33,20.110001,19.33,19.969999
19.959999,20.07,19.620001,19.83
19.780001,20.17,19.629999,19.83
19.82,19.969999,19.370001,19.719999
19.57,19.66,19,19.370001
19.43,19.5,18.92,18.950001
19.040001,19.360001,19.030001,19.209999
19.25,19.450001,19.139999,19.360001
19.49,19.59,19.120001,19.16
18.950001,19.110001,18.719999,18.75
18.870001,19.01,18.67,18.879999
18.969999,19.129999,18.83,18.92
18.92,18.969999,18.68,18.879999
19,19.049999,18.610001,18.780001
18.93,19.450001,18.74,19.4
19.4,19.559999,19.110001,19.51
19.530001,19.690001,19.290001,19.66
19.459999,19.459999,18.809999,19.040001
18.879999,19,18.620001,18.77
18.700001,18.75,18.200001,18.200001
18.27,18.309999,17.83,18.24
18.27,18.58,18.26,18.52
18.469999,18.700001,18.34,18.530001
18.51,18.700001,18.209999,18.66
18.67,18.780001,18.49,18.75
19.120001,19.49,19.02,19.459999
19.379999,19.639999,19.33,19.610001
19.65,19.65,19.32,19.530001
19.610001,19.68,19.370001,19.440001
19.5,19.75,19.299999,19.59
19.459999,19.84,19.42,19.719999
19.76,20.07,19.559999,19.84
20.07,20.65,19.51,19.66
19.73,19.73,19.379999,19.620001
19.48,19.85,19.440001,19.84
19.73,19.879999,19.66,19.85
20.040001,20.280001,19.940001,19.940001
20,20.15,19.9,19.98
19.92,20.09,19.530001,20.07
19.93,20.299999,19.93,20.219999
20.16,20.209999,19.59,19.700001
19.809999,19.83,19.49,19.65
19.83,20.09,19.709999,20.07
19.879999,20.08,19.77,19.93
19.9,20,19.709999,19.799999
19.860001,20.48,19.709999,20.26
20.280001,20.48,20.15,20.379999
20.16,20.34,19.959999,20.1
19.83,20,19.700001,19.700001
19.74,20.01,19.73,19.969999
19.780001,20.58,19.700001,20.52
19.940001,20.83,19.91,20.809999
20.83,21.360001,20.809999,21.24
21.219999,21.559999,21.139999,21.16
21.200001,21.6,21.200001,21.48
21.48,21.559999,21.35,21.49
21.6,21.6,21.200001,21.52
21.690001,21.780001,21.360001,21.48
21.41,21.48,21.040001,21.23
20.809999,21.280001,20.629999,20.799999
20.709999,20.889999,20.65,20.76
20.799999,21.059999,20.559999,20.940001
20.99,21.49,20.879999,21.48
21.42,21.75,21.370001,21.74
21.67,22.049999,21.629999,22.049999
22.02,22.34,21.93,22.32
22.299999,22.450001,22.15,22.379999
22.17,22.48,22.1,22.389999
22.4,22.49,22.129999,22.389999
22.33,22.65,22.25,22.639999
22.6,22.719999,22.309999,22.629999
22.65,22.65,22.450001,22.469999
22.299999,22.67,22.18,22.610001
22.6,22.85,22.49,22.82
22.860001,22.940001,22.610001,22.610001
22.6,22.77,22.389999,22.49
22.48,22.690001,22.389999,22.57
22.68,23,22.540001,22.790001
22.98,23,22.709999,22.969999
22.889999,22.950001,22.280001,22.42
22.41,22.41,21.790001,21.959999
21.889999,22.049999,21.68,21.9
21.9,22.23,21.629999,22.139999
22.379999,22.59,22.190001,22.389999
22.41,22.450001,22.190001,22.33
22.33,22.719999,22.33,22.629999
22.620001,23,22.51,23
23,23.219999,22.950001,23.09
23.110001,23.43,23.1,23.25
23.440001,23.469999,23.280001,23.450001
23.280001,23.379999,23.139999,23.33
23.17,23.360001,23.040001,23.209999
23.26,23.280001,23.1,23.18
23.299999,23.299999,23.059999,23.129999
23.08,23.32,23,23.01
22.879999,23.379999,22.879999,23.379999
23.379999,23.4,23.120001,23.280001
23.35,23.58,23.030001,23.049999
23.139999,23.24,22.73,22.77
22.799999,22.809999,22.18,22.25
22.35,22.639999,22.27,22.57
22.540001,22.620001,22,22.02
22.01,22.26,21.799999,22.120001
22.030001,22.059999,21.83,22.040001
22.120001,22.879999,22.01,22.549999
22.75,23.139999,22.709999,23.139999
22.92,23.219999,22.91,23.09
23.200001,23.530001,23.120001,23.52
23.5,23.549999,23.23,23.5
23.549999,23.74,23.42,23.52
23.450001,23.559999,23.24,23.25
23.27,23.57,23.24,23.5
23.57,23.73,23.5,23.57
23.450001,23.549999,23.35,23.440001
23.42,23.42,23.02,23.059999
23.030001,23.1,22.709999,22.82
22.799999,22.870001,22.559999,22.629999
22.690001,23.24,22.690001,22.940001
23,23,22.549999,22.65
22.629999,22.74,22.57,22.59
22.26,22.610001,22.049999,22.43
22.290001,22.58,21.9,22.469999
22.52,22.77,22.48,22.549999
22.6,22.73,22.360001,22.52
21.1,21.75,21.030001,21.120001
21.290001,21.51,20.77,21.02
21.049999,21.17,20.91,20.98
20.870001,20.93,20.66,20.74
20.639999,20.85,20.48,20.790001
20.83,21,20.709999,20.73
20.780001,20.809999,20.440001,20.49
20.59,20.879999,20.389999,20.870001
20.73,20.83,20.549999,20.66
20.68,20.85,20.620001,20.66
20.559999,20.98,20.43,20.940001
21.139999,21.469999,21.09,21.459999
21.450001,21.73,21.389999,21.700001
21.719999,22.200001,21.68,22.030001
22.110001,22.110001,21.969999,22.07
22.120001,22.27,22,22.200001
22.280001,22.34,22.129999,22.209999
22.219999,22.309999,22.209999,22.26
22.16,22.43,22.16,22.360001
22.4,22.459999,22.280001,22.280001
22.209999,22.57,22.209999,22.440001
22.370001,22.5,22.09,22.25
22.190001,22.290001,22.07,22.209999
22.209999,22.219999,22.02,22.15
22.1,22.32,22.059999,22.309999
22.33,22.35,22.02,22.120001
21.969999,22.08,21.780001,21.799999
21.790001,22.049999,21.74,22.01
21.969999,22.219999,21.950001,22.190001
22.120001,22.200001,21.92,21.969999
21.93,22.040001,21.85,21.98
21.889999,22.040001,21.700001,21.98
22.049999,22.35,21.950001,22.219999
22.219999,22.27,21.879999,21.889999
21.98,22.030001,21.65,21.74
21.68,21.719999,21.389999,21.459999
21.379999,21.59,21.200001,21.530001
21.49,21.52,20.92,21.139999
21.23,21.5,21.1,21.27
21.370001,21.459999,21.219999,21.360001
21.33,21.719999,21.24,21.34
21.26,21.450001,21.129999,21.4
21.25,21.26,21.02,21.049999
21.07,21.200001,20.809999,21.17
21.139999,21.24,20.889999,20.950001
21.07,21.209999,20.870001,21.059999
21.02,21.24,20.99,21.139999
21.040001,21.139999,20.9,21.07
20.959999,21.530001,20.709999,21.51
21.5,21.620001,21.120001,21.209999
21.15,22.17,21.15,22.1
22.030001,22.139999,21.75,21.790001
21.700001,21.809999,21.309999,21.35
21.450001,22.09,21.33,22.040001
21.93,22.16,21.860001,21.9
21.889999,22.049999,21.889999,22.040001
21.93,22.030001,21.690001,22.02
22.07,22.07,21.85,21.9
21.719999,22.08,21.719999,22.08
22.07,22.25,22.07,22.209999
22.17,22.34,22.049999,22.190001
22.17,22.299999,22.1,22.27
22.299999,22.49,22.209999,22.440001
22.35,22.5,22.33,22.459999
22.370001,22.639999,22.370001,22.540001
22.469999,22.75,22.469999,22.75
22.629999,22.799999,22.57,22.65
22.76,22.76,22.549999,22.75
22.66,22.75,22.450001,22.65
22.51,22.639999,22.379999,22.620001
22.6,22.76,22.440001,22.66
22.58,22.860001,22.58,22.77
22.85,22.889999,22.52,22.540001
22.52,22.83,22.52,22.799999
22.84,22.85,22.59,22.780001
22.73,22.93,22.559999,22.809999
23,23,22.530001,22.549999
22.610001,22.67,22.360001,22.5
22.5,22.639999,22.370001,22.440001
22.379999,22.530001,22.35,22.469999
22.48,22.530001,22.34,22.370001
22.41,22.629999,22.389999,22.549999
22.639999,23.01,22.59,23.01
22.99,23.01,22.610001,22.91
22.809999,22.809999,22.57,22.73
22.65,22.709999,22.5,22.700001
22.76,23.049999,22.65,23.040001
23,23.07,22.879999,23.059999
23.07,23.280001,23.01,23.280001
23.35,23.450001,23.190001,23.379999
23.280001,23.309999,23.15,23.16
23.26,23.26,22.879999,23.08
23,23.110001,22.709999,23.030001
23.08,23.290001,22.959999,23.219999
23.07,23.290001,23.07,23.24
23.049999,23.190001,22.65,23.15
23.15,23.18,22.860001,23.139999
23.01,23.24,23.01,23.18
23.08,23.209999,22.76,22.799999
22.860001,23.07,22.700001,22.99
22.809999,23.23,22.809999,23.129999
23.110001,23.139999,22.66,22.66
22.73,22.99,22.67,22.9
22.700001,22.700001,22.27,22.360001
22.290001,22.51,22.08,22.09
21.950001,22.139999,20.690001,21.75
21.639999,21.75,20.969999,21.33
21.959999,22.09,21.629999,21.99
21.76,22.15,21.65,21.959999
21.950001,22.49,21.870001,22.450001
22.360001,22.59,22.32,22.360001
22.290001,22.309999,21.75,21.92
22.049999,22.299999,21.75,22.27
22.440001,22.49,21.860001,21.959999
21.92,22.07,21.610001,21.799999
21.43,21.59,21.02,21.049999
20.91,21.389999,20.73,21.25
21.280001,21.360001,20.959999,21.01
20.73,21.35,20.469999,21.309999
21.34,21.99,21.059999,21.52
21.77,21.959999,21.450001,21.639999
21.559999,21.620001,21.27,21.42
21.25,21.610001,21.219999,21.23
21.389999,21.73,21.209999,21.700001
21.629999,22.219999,21.620001,22.16
21.73,22.030001,21.559999,21.59
21.610001,21.780001,20.92,20.940001
21.01,21.120001,20.74,20.98
21.09,21.370001,20.940001,21.059999
21.34,21.459999,20.58,21.26
21.139999,21.75,21.139999,21.75
21.950001,22.25,21.790001,21.889999
21.889999,22.370001,21.889999,22.34
22.129999,22.379999,22.1,22.34
22.280001,22.440001,22.15,22.389999
22.389999,22.5,22.299999,22.41
22.51,22.540001,22.16,22.23
22.190001,22.549999,22.049999,22.07
22.129999,22.25,21.889999,22.030001
21.889999,22,21.65,21.690001
21.700001,22.07,21.58,21.82
21.889999,22.129999,21.719999,21.959999
21.68,21.799999,21.190001,21.290001
21.32,21.43,20.85,20.870001
20.85,20.860001,20.360001,20.639999
20.75,20.790001,20.370001,20.51
20.66,20.870001,20.27,20.459999
21.58,21.6,20.969999,21.48
21.629999,21.709999,21.25,21.41
21.33,21.48,21.219999,21.450001
21.459999,21.610001,21.25,21.559999
21.68,22,21.629999,21.98
21.790001,21.98,21.73,21.83
21.790001,21.889999,21.6,21.76
21.639999,21.73,21.129999,21.15
21.15,21.4,21.15,21.35
21.07,21.57,20.799999,21.540001
21.700001,21.700001,21.15,21.17
21.360001,21.9,21.33,21.870001
21.75,22,21.700001,21.959999
21.92,22.200001,21.85,22.190001
22.190001,22.35,22.09,22.139999
22.040001,22.219999,21.65,21.74
21.84,22.01,21.59,21.82
21.6,21.940001,21.450001,21.84
22.059999,22.43,21.969999,22.389999
22.26,22.379999,22.219999,22.309999
22.32,22.73,22.27,22.690001
22.620001,22.879999,22.52,22.77
22.540001,22.84,22.35,22.84
22.889999,23.01,22.780001,23.01
22.799999,22.98,22.57,22.74
22.4,22.4,21.9,22
21.68,21.75,21.42,21.6
21.559999,21.879999,21.530001,21.629999
21.540001,21.889999,21.35,21.77
21.889999,22.4,21.83,22.09
22.110001,22.5,21.809999,22.280001
22.27,23.15,22.25,23.059999
22.91,23.110001,22.74,23.110001
23.07,23.209999,22.950001,23.120001
22.9,23.01,22.639999,22.9
22.709999,22.969999,22.66,22.9
22.940001,22.959999,22.76,22.799999
22.950001,23.110001,22.629999,23.07
22.93,23.15,22.860001,22.93
22.799999,22.959999,22.639999,22.860001
23,23.25,22.98,23.08
23.040001,23.360001,22.950001,23.360001
23.5,23.700001,23.33,23.690001
23.530001,23.700001,23.450001,23.49
23.42,23.790001,23.42,23.74
23.860001,23.870001,23.629999,23.76
23.690001,23.85,23.530001,23.58
23.700001,24.280001,23.700001,24.17
24.09,24.309999,24.01,24.17
24.07,24.35,24.02,24.280001
24.110001,24.35,24.08,24.32
24.33,24.51,24.24,24.389999
24.389999,24.780001,24.27,24.780001
24.41,24.74,24.41,24.59
24.469999,24.57,24.360001,24.52
24.309999,24.68,24.280001,24.32
24.549999,24.83,24.49,24.809999
24.709999,24.809999,24.58,24.65
24.790001,24.950001,24.610001,24.860001
24.709999,24.950001,24.6,24.639999
24.719999,24.9,24.530001,24.77
24.879999,24.959999,24.780001,24.9
24.76,24.9,24.389999,24.559999
24.700001,25.120001,24.700001,25.030001
24.91,25.08,24.51,24.73
24.879999,25,24.719999,24.93
24.98,25,24.75,24.950001
24.92,25.049999,24.83,24.969999
24.860001,25.200001,24.690001,25.110001
25.190001,25.5,25.15,25.379999
25.360001,25.5,25.200001,25.219999
25.32,25.469999,25.139999,25.34
25.290001,25.33,25.17,25.32
25.030001,25.1,24.620001,24.780001
24.91,25.02,24.719999,24.969999
25.059999,25.299999,24.780001,25.049999
25.049999,25.5,24.98,25.48
25.5,25.629999,25.389999,25.51
25.35,25.58,25.200001,25.5
25.280001,25.5,25.15,25.370001
25.450001,25.57,25.309999,25.32
25.219999,25.709999,25.219999,25.58
25.559999,25.75,25.309999,25.450001
25.58,25.77,25.559999,25.59
25.629999,25.67,25.309999,25.57
25.75,25.83,25.540001,25.709999
25.74,25.85,25.629999,25.84
25.67,25.85,25.620001,25.75
25.75,25.889999,25.48,25.559999
25.469999,25.66,25.34,25.59
25.360001,25.440001,25.110001,25.33
25.190001,25.379999,24.870001,25.129999
25.18,25.200001,24.870001,25.02
24.85,24.889999,24.459999,24.74
24.719999,24.870001,24.530001,24.700001
24.870001,25.34,24.870001,25.219999
25.23,25.299999,25.02,25.040001
24.889999,25.459999,24.790001,25.370001
25.110001,25.200001,24.790001,25.08
25.549999,25.99,25.549999,25.709999
25.67,25.940001,25.51,25.690001
25.559999,25.83,25.309999,25.799999
25.59,25.709999,25.34,25.690001
25.9,26.629999,25.83,26.51
25.98,26.23,24.620001,25.85
25.6,26.4,25.6,26.25
26.07,26.4,26,26.360001
26.49,26.690001,26.440001,26.450001
26.440001,26.690001,26.440001,26.58
26.49,26.68,26.49,26.559999
26.530001,26.76,26.5,26.75
26.74,26.799999,26.6,26.719999
26.620001,26.98,26.559999,26.860001
26.76,26.99,26.74,26.790001
26.76,27.040001,26.639999,26.98
26.91,27.25,26.91,27.139999
27.200001,27.209999,26.93,27.1
27.07,27.34,27.07,27.24
27.280001,27.34,27.1,27.25
27.25,27.43,27.200001,27.24
27.18,27.309999,26.950001,27.209999
27.190001,27.25,26.969999,27.1
27.139999,27.25,27.030001,27.07
27.01,27.309999,26.99,27.059999
27.07,27.16,26.91,26.91
27.049999,27.27,26.98,26.99
27,27.049999,26.639999,26.84
26.709999,26.799999,26.59,26.780001
26.75,26.950001,26.66,26.68
26.639999,26.860001,26.23,26.74
26.639999,26.84,26.52,26.790001
26.83,26.950001,26.549999,26.549999
26.74,26.950001,26.49,26.65
26.549999,26.6,26.35,26.440001
26.440001,26.84,26.26,26.809999
26.77,27.110001,26.66,27.040001
26.950001,27,26.67,26.719999
26.540001,26.700001,26.219999,26.35
26.5,26.559999,26.18,26.23
26.200001,26.780001,26.200001,26.75
26.620001,26.77,26.4,26.75
26.75,27.200001,26.59,26.879999
26.950001,27.559999,26.809999,27.48
27.43,27.6,26.780001,26.84
26.84,27.299999,26.450001,27.129999
27.360001,27.98,27.32,27.780001
27.6,28.190001,27.540001,27.99
28.049999,28.15,27.639999,28
28,28.33,27.91,28.33
28.33,28.49,28.18,28.299999
28.23,28.43,28.16,28.32
28.299999,28.75,28.18,28.67
28.5,29.040001,28.360001,28.790001
28.76,28.9,28.610001,28.780001
28.700001,29.17,28.700001,29.030001
28.84,29.17,28.84,29.16
29.01,29.35,29.01,29.02
28.92,29,28.370001,28.540001
28.6,28.719999,28.469999,28.629999
28.190001,28.540001,27.940001,28
28.059999,28.059999,27.200001,27.34
27.309999,27.75,27.15,27.34
27.49,27.799999,27.49,27.73
27.870001,28.01,27.709999,27.719999
27.700001,27.870001,27.290001,27.32
27.200001,27.85,27.200001,27.610001
27.77,28.02,27.76,27.83
27.76,27.92,27.49,27.690001
27.700001,27.889999,27.129999,27.27
27.34,27.950001,27.16,27.75
27.809999,27.93,27.52,27.709999
27.33,27.58,26.84,27
26.870001,27.16,26.77,27.030001
26.790001,27.15,26.73,26.940001
26.33,26.809999,25.85,26.6
26.379999,26.91,26.34,26.43
26.75,26.860001,26.48,26.530001
26.73,26.83,26.4,26.629999
26.82,27.290001,26.780001,27.200001
27.15,27.27,27.01,27.1
27.030001,27.27,26.780001,27.139999
27.18,27.549999,27.120001,27.5
27.5,27.85,27.49,27.629999
27.620001,27.75,27.33,27.35
27.290001,27.5,27.18,27.43
27.5,27.690001,27.42,27.639999
27.51,27.75,27.4,27.65
27.719999,27.9,27.629999,27.780001
27.700001,27.76,27.52,27.66
27.59,27.719999,27.549999,27.6
27.59,27.83,27.379999,27.6
27.57,27.780001,27.360001,27.5
27.549999,27.65,27.110001,27.25
27.23,27.459999,27.200001,27.32
27.17,27.33,26.879999,26.92
27.07,27.219999,26.889999,26.98
26.809999,26.940001,26.610001,26.799999
26.780001,26.959999,26.65,26.84
26.52,26.559999,26.120001,26.49
26.52,26.59,26.209999,26.35
26.620001,26.870001,26.620001,26.74
26.84,26.9,26.629999,26.709999
26.629999,26.780001,26.52,26.59
26.68,26.99,26.559999,26.93
26.940001,27.280001,26.860001,27.280001
27.280001,27.469999,27.120001,27.42
27.379999,27.5,27.34,27.389999
27.440001,27.5,27.209999,27.35
27.34,27.440001,26.93,27.129999
27.18,27.18,26.77,26.809999
26.709999,27.059999,26.66,26.809999
27.120001,27.290001,26.75,26.84
26.92,27.450001,26.709999,27.389999
27.4,27.66,27.280001,27.610001
27.530001,27.690001,27.219999,27.33
27.280001,27.889999,27.24,27.83
27.870001,27.9,27.52,27.610001
27.389999,27.6,27.18,27.190001
27.139999,27.27,26.91,27.219999
27.110001,27.799999,27.030001,27.73
27.219999,27.629999,26.450001,26.809999
26.85,27.110001,26.49,27.01
26.66,26.799999,26.65,26.719999
26.809999,26.879999,26.469999,26.49
26.379999,26.870001,26.379999,26.76
26.620001,26.99,26.51,26.92
26.870001,27.02,26.870001,26.969999
27.030001,27.35,26.969999,27.34
27.299999,27.48,27.08,27.08
27.120001,27.24,26.969999,27.190001
26.32,27.07,26.32,26.459999
26.34,26.6,26.34,26.370001
26.549999,26.58,26.24,26.25
26.219999,26.32,25.75,25.83
25.92,26.08,25.73,25.76
25.639999,25.799999,25.27,25.280001
25.360001,25.360001,25.129999,25.16
25.33,25.48,25.26,25.32
25.09,25.34,25.02,25.07
24.93,25.1,24.719999,24.91
25.07,25.1,24.92,24.93
24.82,25.190001,24.82,25.09
25.15,25.6,25.15,25.49
25.370001,25.82,25.370001,25.540001
25.26,25.67,25.129999,25.58
25.58,25.629999,25.299999,25.35
25.26,25.6,25.26,25.42
25.469999,25.68,25.379999,25.610001
25.639999,25.73,25.43,25.690001
26.120001,26.120001,25.6,25.709999
25.780001,26.030001,25.639999,25.93
25.91,26,25.709999,25.9
25.799999,26.139999,25.790001,25.870001
25.950001,26.290001,25.889999,26.18
25.870001,26.1,25.780001,26.030001
25.75,25.92,25.48,25.530001
25.49,25.700001,25.190001,25.35
25.440001,25.67,25.17,25.18
25.24,25.41,24.51,24.620001
24.709999,24.709999,24.309999,24.559999
24.42,24.42,24.049999,24.15
24.370001,24.780001,24.33,24.690001
24.700001,24.700001,24.299999,24.34
24.459999,24.75,24.26,24.690001
24.75,24.99,24.709999,24.889999
24.629999,24.950001,24.6,24.67
24.67,24.91,24.42,24.76
24.59,24.59,24.059999,24.09
24.049999,24.27,23.9,23.93
23.75,24.18,23.51,23.969999
24.219999,24.26,23.450001,23.629999
23.52,23.85,23.33,23.42
23.49,23.67,23.15,23.610001
23.379999,23.4,22.6,22.610001
22.940001,22.950001,22.110001,22.540001
21.99,22.360001,21.440001,21.58
21.950001,22.559999,21.370001,22.540001
22.120001,22.27,21.48,21.49
21.65,22.360001,21.639999,22.18
22.360001,22.530001,22,22.35
22.52,23.07,22.379999,22.700001
22.52,22.719999,22.23,22.58
22.690001,23.51,22.66,23.440001
23.389999,24.48,22.5,23.719999
23.43,24.110001,23.34,23.389999
23.83,23.98,23.59,23.690001
23.780001,25.540001,23.639999,25.530001
25.389999,25.73,25.040001,25.469999
25.559999,25.559999,24.57,24.68
24.5,25.17,24.26,25.08
25.290001,25.860001,25.290001,25.82
25.59,25.9,25.450001,25.74
25.799999,26.200001,25.6,25.879999
25.73,26.040001,25.32,25.459999
25.01,25.24,24.48,24.639999
24,24.65,23.9,24.559999
24.809999,25.58,24.809999,25.559999
25.32,25.77,25.290001,25.559999
25.389999,25.610001,24.84,25.049999
24.700001,25.24,24.559999,25.23
25.26,25.5,25.110001,25.32
25.5,26,25.24,25.82
25.940001,26.25,25.66,26.110001
25.969999,26.24,25.870001,25.99
25.59,25.719999,25.129999,25.59
25.65,25.77,24.959999,24.98
24.959999,25.27,24.6,24.610001
24,24.280001,23.690001,24.01
23.92,24.16,23.65,24.02
24.200001,24.52,23.74,24.440001
24.780001,25.34,24.690001,24.91
24.950001,25.23,24.68,24.809999
25.190001,25.27,24.23,24.76
24.5,24.790001,24.34,24.360001
24.17,24.450001,23.42,23.469999
23.219999,24.459999,23.040001,24.440001
24.51,24.98,24.139999,24.58
24.58,25.33,24.5,25.299999
25.379999,25.67,25.17,25.18
25.459999,25.700001,25.32,25.629999
25.43,26,25.43,25.780001
25.93,26.129999,25.73,25.73
25.620001,26.18,25.6,26.08
26.25,26.48,26.049999,26.459999
26.26,26.389999,25.790001,25.98
26,26.5,25.709999,26.4
26.309999,26.610001,26.120001,26.16
26.120001,26.299999,25.719999,26.209999
26.440001,26.91,26.23,26.719999
26.73,27.02,26.73,26.93
26.74,26.950001,26.5,26.559999
26.74,26.74,26.129999,26.549999
27.16,27.49,27.08,27.18
27.02,27.27,26.98,27.190001
26.76,27.23,26.610001,26.809999
26.030001,26.59,25.9,26.1
26.41,26.780001,26.290001,26.610001
26.799999,27.440001,26.610001,27.309999
27.120001,27.25,26.959999,27.110001
27.059999,27.25,26.76,27.16
27.209999,27.459999,26.93,27.42
26.790001,27.309999,26.41,26.98
27.17,27.209999,26.790001,26.99
27.110001,27.49,27.09,27.43
27.190001,27.52,27.190001,27.309999
27.309999,27.780001,27.280001,27.530001
27.32,27.85,27.040001,27.34
27.309999,27.43,26.85,27.030001
27.299999,27.4,27.01,27.219999
26.790001,27,26.540001,26.700001
26.700001,26.98,26.59,26.700001
26.440001,26.49,26.18,26.309999
26.190001,26.74,26.190001,26.68
27.030001,27.35,26.959999,27.209999
27.16,27.41,27,27.040001
27.5,27.969999,27.370001,27.969999
28,28.049999,27.33,27.5
27.639999,27.9,27.4,27.440001
27.65,27.92,27.52,27.620001
27.6,27.75,27.48,27.49
27.360001,27.84,27.209999,27.74
27.469999,27.860001,27.4,27.65
27.559999,28.02,27.48,28.02
27.540001,27.709999,27.25,27.379999
27.559999,27.77,26.84,26.969999
26.92,26.99,26.59,26.68
26.99,27.09,26.59,26.73
26.799999,27.309999,26.66,26.879999
26.950001,27.209999,26.42,26.49
26.84,27.459999,26.65,27.389999
27.23,27.33,26.469999,26.75
26.83,27.280001,26.52,27.209999
27.02,27.360001,27,27.32
27.24,27.49,27.08,27.360001
27.389999,27.389999,26.9,26.959999
27.030001,27.120001,26.92,27.049999
27.09,27.299999,26.959999,27.200001
27.530001,27.700001,26.969999,26.99
26.91,26.92,26.440001,26.49
26.48,26.940001,26.33,26.85
26.870001,27.1,26.610001,26.870001
26.860001,27.219999,26.68,27.040001
27.219999,27.48,27.200001,27.469999
27.48,27.75,27.35,27.690001
27.709999,27.959999,27.530001,27.809999
27.67,27.9,27.43,27.809999
27.950001,28.290001,27.91,28.02
27.959999,28.540001,27.950001,28.49
28.559999,28.879999,28.41,28.82
28.82,29.200001,28.76,29.200001
29.120001,29.35,28.959999,29.200001
29.1,29.540001,28.9,29.139999
29.07,29.23,29.02,29.190001
29.25,29.370001,29.059999,29.18
29.02,29.4,29,29.23
28.93,29.299999,28.860001,29.07
29.17,29.309999,29.08,29.17
29.389999,29.5,29.219999,29.49
29.51,29.77,29.5,29.58
29.75,29.879999,29.540001,29.629999
29.549999,30.08,29.5,29.74
29.780001,29.950001,29.59,29.76
29.719999,30.049999,29.540001,30.030001
29.969999,30.299999,29.889999,30.25
30.07,30.200001,29.99,30.059999
30.209999,30.25,29.83,30.129999
29.969999,30.370001,29.92,30.370001
30.450001,30.450001,30,30.209999
30.200001,30.49,30.200001,30.440001
30.48,30.49,30.290001,30.35
30.35,30.58,30.25,30.389999
30.129999,30.76,30.129999,30.629999
30.75,30.809999,30.17,30.51
30.450001,30.74,30.110001,30.690001
29.83,30.790001,29.83,30.620001
30.75,30.85,30.52,30.82
30.85,30.85,30.4,30.469999
30.299999,30.5,30.209999,30.27
30.190001,30.280001,29.75,29.93
29.82,29.959999,29.5,29.559999
29.370001,29.49,29.120001,29.280001
29.290001,29.629999,29.200001,29.559999
29.780001,30.1,29.73,29.870001
29.85,30.219999,29.85,30.110001
30.02,30.299999,30.02,30.18
30.23,30.74,30.209999,30.74
30.75,30.75,30.23,30.43
30.48,30.780001,30.42,30.77
30.870001,30.879999,30.200001,30.35
30.25,30.5,30.120001,30.4
30.24,30.370001,30.110001,30.190001
30.299999,30.389999,30.17,30.200001
30.120001,30.200001,29.959999,29.969999
30.030001,30.209999,29.709999,30.200001
30.309999,30.559999,30.24,30.559999
30.540001,30.790001,30.370001,30.57
30.57,30.799999,30.190001,30.77
30.66,31.049999,30.43,31.02
30.9,30.99,30.629999,30.66
30.67,31.01,30.450001,30.93
30.950001,31.059999,30.790001,31.040001
30.85,30.85,30.290001,30.469999
30.280001,30.280001,29.99,30.209999
29.870001,30.27,29.65,30.17
30.17,30.190001,29.66,29.690001
29.959999,30.040001,29.67,29.85
29.91,30.26,29.870001,30.190001
30.08,30.27,29.799999,29.85
29.99,30.049999,29.370001,29.9
29.99,30.190001,29.959999,30.040001
29.9,29.98,29.690001,29.690001
29.75,30.15,29.43,29.59
29.68,29.85,29.549999,29.610001
29.370001,29.370001,28.93,29.200001
29.219999,29.280001,28.959999,29.059999
29.219999,29.639999,29.190001,29.469999
29.51,30.360001,29.48,30.25
30.34,30.41,30.02,30.32
30.280001,30.360001,30,30.01
30.049999,30.610001,29.91,30.49
30.4,30.459999,30.209999,30.35
30.440001,30.59,30.1,30.120001
30.049999,30.07,29.52,29.67
29.6,29.66,29.370001,29.48
29.389999,29.4,28.809999,29.309999
29,29.27,28.82,29.120001
29.26,29.34,28.76,28.879999
28.77,29.360001,28.549999,29.09
28.91,29.41,28.73,29.190001
29.25,29.52,29.08,29.110001
29.120001,29.219999,28.620001,28.65
28.719999,28.719999,28.1,28.120001
28.110001,28.15,27.469999,27.49
27.469999,28.059999,27.15,28.040001
28.1,28.370001,27.85,28.040001
27.889999,28.559999,27.77,28.200001
29.719999,29.940001,28.809999,29.85
29.809999,30,29.639999,29.889999
30.08,30.459999,29.860001,30.17
29.84,29.860001,29.51,29.549999
29.51,29.629999,29.110001,29.549999
29.129999,29.200001,28.58,28.65
28.629999,28.74,28.16,28.379999
28.18,28.82,28.08,28.799999
28.950001,29.42,28.91,29.4
29.459999,29.469999,29.049999,29.07
28.879999,29.459999,28.809999,29.459999
29.459999,29.469999,28.870001,28.889999
28.9,29.129999,28.799999,29
28.83,29.16,28.709999,28.799999
28.860001,29.15,28.59,28.84
28.82,29.08,28.790001,29.02
28.65,29.15,28.540001,29.120001
29.129999,29.389999,29.1,29.129999
29.120001,29.43,29.07,29.280001
29.24,29.379999,28.34,28.4
28.57,28.59,28.34,28.51
28.26,28.26,27.879999,28.040001
28.120001,28.209999,27.879999,28.059999
28.17,28.290001,27.85,28.030001
27.879999,28.389999,27.74,28.33
28.75,29.450001,28.719999,29.43
29.43,29.65,29.200001,29.469999
29.450001,30.059999,29.440001,30.01
29.68,30.280001,29.68,30.110001
29.93,29.93,29.459999,29.620001
29.52,29.66,29.23,29.48
29.559999,29.77,29.379999,29.57
29.51,29.629999,29.35,29.57
29.360001,29.700001,29.280001,29.65
29.629999,30.23,29.59,30.190001
30.059999,30.33,30,30.209999
30.23,30.469999,29.879999,30.42
30.299999,30.99,30.290001,30.889999
30.99,31.1,30.690001,30.83
30.6,31.030001,30.530001,30.709999
30.379999,30.379999,29.969999,30.040001
30.16,30.190001,29.459999,29.58
29.68,29.959999,29.5,29.860001
30.280001,30.790001,30.280001,30.77
30.959999,31.1,30.66,31.07
31,31.1,30.629999,30.709999
30.709999,30.860001,30.27,30.290001
30.360001,30.459999,30.059999,30.1
29.93,30.32,29.76,30.110001
30.559999,30.65,29.92,30.549999
30.65,30.940001,30.59,30.65
30.860001,31,30.77,30.84
30.85,30.92,30.690001,30.799999
30.799999,30.9,30.610001,30.799999
30.74,30.790001,30.559999,30.75
30.77,30.870001,30.4,30.58
30.610001,30.790001,30.24,30.290001
30.309999,30.959999,30.25,30.91
30.969999,31.34,30.690001,31.200001
31.200001,31.4,31.129999,31.280001
31.17,31.389999,31.16,31.34
31.360001,31.860001,31.309999,31.700001
31.700001,31.809999,31.43,31.65
33.689999,33.919998,32.810001,33.259998
32.990002,33.5,32.84,33.279999
33.16,33.5,33.139999,33.32
33.23,33.650002,33.209999,33.439999
33.18,33.43,33.16,33.240002
32.98,33.080002,32.849998,32.869999
33,33.150002,32.650002,33.029999
32.360001,33.759998,32.279999,33.689999
33.549999,33.790001,33.52,33.689999
33.880001,34.200001,33.860001,34.099998
33.950001,33.950001,33.619999,33.73
33.470001,33.849998,33.470001,33.66
33.700001,33.759998,33.509998,33.66
33.68,34.09,33.669998,34.060001
34.060001,34.150002,33.720001,33.950001
34.040001,34.099998,33.580002,33.610001
33.490002,33.950001,33.400002,33.869999
33.779999,34,33.619999,33.889999
33.900002,34.040001,33.66,33.950001
33.740002,33.919998,33.669998,33.900002
33.900002,34.049999,33.68,33.73
33.419998,33.630001,33.310001,33.5
33.580002,33.700001,32.689999,32.889999
32.860001,32.919998,32.639999,32.77
32.880001,33.240002,32.68,33.139999
33.110001,33.150002,32.93,32.990002
33.09,33.09,32.150002,32.369999
32.470001,32.669998,32.380001,32.560001
32.689999,32.889999,32.560001,32.720001
32.849998,32.869999,32.490002,32.860001
33,33.18,32.75,32.869999
32.75,32.919998,32.549999,32.68
32.57,32.650002,32.07,32.080002
32.18,32.259998,31.92,32.110001
32.389999,32.439999,32.09,32.25
32.240002,32.41,31.969999,32.099998
32.23,32.369999,32.02,32.18
32.360001,32.900002,32.240002,32.799999
32.580002,32.950001,32.48,32.790001
32.919998,33,32.439999,32.560001
32.450001,32.509998,31.93,32
32,32.189999,31.85,32
31.77,32.470001,31.549999,32.189999
32.380001,32.610001,32.049999,32.34
32.5,32.779999,32.189999,32.279999
32.299999,32.5,32.130001,32.310001
32.279999,32.450001,32.029999,32.200001
32.200001,33.330002,32.119999,33.32
33.290001,33.290001,32.549999,32.549999
32.459999,32.689999,32.27,32.279999
32.450001,32.810001,32.330002,32.419998
32.07,32.080002,31.360001,31.65
31.65,31.75,31.33,31.35
31.33,32.02,31.26,31.959999
31.91,32.09,31.74,31.85
31.59,32.060001,31.57,31.969999
32.009998,32.150002,31.389999,31.450001
31.66,31.790001,31.280001,31.719999
31.73,31.799999,31.02,31.27
31.4,32.119999,31.290001,31.98
31.93,32.150002,31.74,32.009998
32.02,32.459999,32.02,32.43
32.439999,32.779999,32.349998,32.759998
32.560001,32.950001,32.560001,32.84
32.810001,32.919998,32.59,32.709999
32.77,32.98,32.25,32.919998
33,33.049999,32.599998,32.650002
32.540001,33.029999,32.540001,32.860001
33.040001,33.209999,32.82,33.139999
33.119999,33.389999,33.080002,33.23
33.099998,33.400002,32.75,33.330002
33.439999,33.48,32.389999,32.919998
32.900002,33.040001,32.490002,32.919998
32.849998,33.209999,32.759998,32.93
32.950001,33.279999,32.709999,32.91
33,33,32.240002,32.380001
32.459999,32.470001,31.65,31.83
31.790001,31.870001,31.67,31.860001
31.85,32.290001,31.75,32.220001
32.200001,32.450001,32.080002,32.380001
32.349998,32.400002,32,32
32,32.189999,31.879999,32
31.459999,31.959999,31.440001,31.74
31.700001,31.83,31.59,31.809999
31.940001,31.940001,31.52,31.549999
31.58,31.889999,31.309999,31.75
31.65,31.879999,31.540001,31.629999
31.57,31.9,31.370001,31.84
32.380001,32.490002,32.080002,32.279999
32.25,32.360001,31.77,31.9
31.93,31.93,31.51,31.65
31.4,31.74,31.4,31.42
31.450001,31.58,31.34,31.459999
31.58,31.610001,31.42,31.43
31.52,31.6,31.360001,31.469999
31.51,31.940001,31.42,31.809999
31.84,32.529999,31.74,32.509998
32.23,32.610001,32.09,32.549999
32.459999,32.57,32.400002,32.43
32.32,32.84,32.25,32.740002
32.759998,32.830002,32.169998,32.240002
32.169998,32.27,31.969999,32.119999
32.209999,32.5,32.130001,32.290001
32.240002,32.900002,32.07,32.860001
32.900002,33.610001,32.639999,33.610001
33.540001,33.950001,33.540001,33.75
33.66,33.700001,33.34,33.48
33.400002,33.619999,33.240002,33.34
33.299999,33.509998,33.040001,33.439999
33.52,33.93,33.52,33.919998
33.619999,34.07,33.619999,33.830002
33.919998,34.07,33.84,33.900002
33.75,34.310001,33.75,34.299999
34.32,34.540001,34.189999,34.360001
34.310001,34.580002,34.23,34.400002
34.450001,34.549999,34.009998,34.150002
34.23,34.630001,34.07,34.439999
34.419998,34.599998,34.080002,34.240002
34.209999,34.43,34.080002,34.330002
34.389999,34.650002,34.299999,34.540001
34.450001,34.700001,34.27,34.619999
34.700001,34.990002,34.540001,34.790001
36,36,35.279999,35.759998
35.709999,35.759998,34.950001,35.139999
35.299999,35.389999,35.080002,35.09
35.259998,35.330002,34.82,34.869999
34.900002,35.369999,34.709999,35.279999
35.169998,35.389999,35.029999,35.029999
34.580002,34.799999,34.040001,34.720001
34.52,34.84,34.380001,34.830002
34.799999,35.18,34.73,35.009998
35,35.200001,34.709999,34.84
34.950001,35.360001,34.880001,35.18
35.189999,35.369999,34.98,35.349998
35.240002,35.560001,35.130001,35.549999
35.509998,35.509998,35.150002,35.290001
35.34,35.48,35.150002,35.369999
35.380001,35.75,35.369999,35.73
35.610001,35.889999,35.23,35.259998
34.970001,35.130001,34.740002,34.889999
34.990002,35.09,34.630001,34.959999
35.09,35.189999,34.84,35.09
34.860001,35.130001,34.709999,34.849998
35.009998,35.080002,34.759998,34.830002
34.869999,35.169998,34.700001,35.169998
35.209999,35.580002,35.150002,35.470001
35.25,35.5,34.939999,35.450001
35.560001,35.93,35.330002,35.880001
35.900002,35.900002,35.23,35.450001
35.52,35.700001,35.43,35.619999
35.619999,35.75,35.299999,35.400002
35.290001,35.700001,35.029999,35.130001
34.919998,34.919998,34.59,34.82
34.740002,34.810001,34.380001,34.639999
34.810001,34.82,34.369999,34.709999
34.720001,35.369999,34.720001,35.34
35.34,35.34,35.110001,35.139999
35.049999,35.09,34.650002,34.790001
34.619999,34.779999,34.330002,34.43
34.66,34.66,34.169998,34.610001
34.48,34.580002,33.91,34.150002
34.290001,34.470001,33.720001,33.73
33.669998,34,33.509998,33.720001
33.82,34.029999,33.5,33.900002
34.060001,34.540001,33.900002,34.389999
34.369999,34.669998,34.360001,34.529999
34.720001,35.389999,34.310001,35.099998
35.09,35.18,34.799999,35.09
35.25,35.34,35,35.110001
35.169998,35.700001,34.869999,35.57
35.580002,35.700001,34.939999,34.970001
34.849998,35.380001,34.84,35.139999
35.360001,35.630001,35.27,35.349998
35.400002,35.41,35.18,35.32
35.299999,35.630001,35.18,35.599998
35.560001,35.900002,35.369999,35.900002
35.91,35.950001,35.73,35.810001
35.740002,35.93,35.68,35.700001
35.580002,35.599998,35.189999,35.200001
35.200001,35.48,35.200001,35.389999
35.32,35.540001,35,35.459999
35.529999,35.689999,35.330002,35.450001
35.490002,35.880001,35.32,35.849998
35.790001,36.080002,35.669998,35.810001
35.77,35.91,35.540001,35.77
35.869999,36,35.169998,35.400002
36.049999,36.32,35.41,35.970001
35.470001,35.790001,35.400002,35.709999
35.84,36.43,35.84,36.209999
35.939999,36.02,35.490002,35.98
36.09,36.66,36.029999,36.630001
36.43,36.810001,36.419998,36.439999
36.41,36.790001,36.209999,36.709999
36.799999,36.84,36.150002,36.560001
36.560001,36.799999,36.080002,36.130001
36.029999,36.549999,35.91,36.549999
36.560001,37,36.560001,36.98
37,37.02,36.630001,36.91
36.77,36.830002,36.169998,36.459999
36.720001,36.720001,36.119999,36.200001
36.110001,36.779999,35.91,36.630001
36.560001,36.669998,36.279999,36.299999
35.849998,36.59,35.830002,36.580002
36.43,36.849998,36.43,36.610001
36.560001,36.790001,36.34,36.43
36.119999,36.240002,35.639999,35.66
35.650002,35.970001,35.049999,35.209999
35,35.360001,34.830002,35.150002
35.380001,35.41,34.849998,35.119999
35.41,35.619999,35.09,35.349998
35.560001,35.889999,35.380001,35.68
35.599998,35.93,35.439999,35.75
35.790001,36.040001,35.720001,35.990002
35.950001,36.209999,35.23,35.400002
35.209999,35.639999,35.130001,35.549999
35.799999,36.139999,35.16,36.110001
36.110001,36.259998,35.830002,35.880001
35.900002,36.27,35.869999,36.240002
36.240002,36.84,36.080002,36.84
37.02,37.209999,36.919998,37.200001
37.07,37.669998,37.07,37.59
37.119999,37.779999,37.07,37.599998
37.52,37.799999,37.32,37.419998
37.560001,37.66,37.279999,37.549999
37.650002,37.889999,37.48,37.630001
37.380001,37.540001,37.169998,37.470001
37.349998,37.650002,37.330002,37.48
37.549999,37.599998,37.220001,37.34
37.509998,37.580002,37.150002,37.240002
37.130001,37.259998,36.75,36.790001
36.650002,36.720001,36.25,36.32
36.32,36.509998,36.169998,36.419998
36.900002,37.029999,36.540001,36.790001
36.82,37.369999,36.75,37.040001
37.389999,38.099998,37.369999,38.029999
37.790001,37.98,37.57,37.709999
37.57,37.790001,37.560001,37.68
37.5,37.549999,37.189999,37.290001
37.189999,37.369999,36.880001,37.27
37.41,37.43,37.119999,37.23
37.740002,37.740002,36.990002,37.27
37.110001,37.490002,37.110001,37.27
37.380001,37.91,37.330002,37.810001
37.75,37.84,37.459999,37.709999
37.389999,37.57,36.849998,36.919998
37.16,37.27,36.630001,36.959999
36.880001,37.119999,36.720001,36.720001
36.720001,37.169998,36.610001,37.009998
36.700001,37.110001,36.529999,36.560001
36.810001,37.400002,36.540001,36.82
37.09,37.25,36.830002,36.939999
36.860001,37.5,36.860001,37.220001
36.75,37.040001,36.439999,36.439999
36.369999,36.810001,36.369999,36.560001
36.540001,36.950001,36.23,36.580002
36.630001,36.810001,36.130001,36.259998
36.07,36.700001,35.27,35.52
35.470001,36.200001,35.439999,36.049999
36.02,36.5,36.02,36.34
36.369999,36.709999,36.049999,36.43
36.459999,37,36.419998,36.869999
37.720001,37.720001,36.950001,37.240002
37.110001,37.48,37.110001,37.459999
37.369999,37.490002,37.02,37.169998
37.139999,37.439999,37.139999,37.41
37.5,37.639999,37.16,37.25
37.25,37.639999,37.209999,37.639999
37.639999,37.98,37.360001,37.959999
37.950001,38.09,37.709999,38.07
38.09,38.099998,37.830002,37.939999
37.669998,37.970001,37.419998,37.5
37.470001,37.68,37.310001,37.419998
37.419998,37.75,37.34,37.5
38.139999,38.139999,37.5,37.869999
37.540001,37.740002,37.52,37.610001
37.34,37.84,37.23,37.700001
37.700001,38.150002,37.5,37.84
37.580002,37.689999,37.259998,37.639999
37.470001,37.619999,37.080002,37.310001
37.279999,37.790001,37.139999,37.59
37.369999,37.490002,36.990002,37
36.91,37.040001,36.369999,36.450001
36.5,36.650002,36.189999,36.360001
36.759998,37.189999,36.52,37.18
37.209999,37.689999,37.029999,37.68
37.369999,37.98,37.32,37.959999
37.919998,37.970001,37.32,37.41
37.540001,37.84,37.450001,37.830002
34.549999,37.990002,34.549999,37.98
38,38.200001,37.84,38.189999
38.18,38.400002,38.080002,38.110001
38.049999,38.400002,38.049999,38.400002
38.200001,38.290001,37.82,37.98
37.950001,38.040001,35.82,35.849998
35.990002,36.34,35.880001,36.25
36.34,36.48,36.189999,36.459999
36.610001,36.810001,36.130001,36.380001
36.360001,36.580002,36.09,36.349998
36.419998,36.630001,36.32,36.419998
36.540001,36.799999,35.950001,36.150002
36.91,36.91,35.860001,36.189999
36,36.189999,35.860001,35.860001
36.07,36.5,35.830002,36.419998
36.490002,36.689999,36.02,36.110001
36.169998,36.939999,35.939999,36.310001
36.34,36.470001,36.02,36.439999
36.189999,36.599998,35.939999,36.240002
36.130001,36.580002,35.919998,36.529999
36.470001,36.709999,36.34,36.470001
36.529999,36.869999,36.240002,36.509998
36.639999,36.880001,36.27,36.349998
36.299999,36.389999,35.669998,35.720001
35.860001,36.009998,35.529999,35.900002
36.029999,36.25,35.759998,36.240002
36.27,36.66,36.07,36.59
36.799999,36.799999,36.540001,36.75
36.669998,36.869999,36.580002,36.59
36.619999,36.889999,36.52,36.759998
36.849998,36.849998,36.560001,36.630001
36.490002,36.91,36.23,36.439999
36.25,36.77,36.25,36.669998
36.369999,36.759998,36.330002,36.5
36.380001,37.450001,36,37.41
37.720001,38.110001,37.43,37.939999
37.860001,38.200001,37.57,37.75
37.529999,38.279999,37.5,38.110001
38.209999,38.349998,37.849998,37.959999
38.009998,38.32,37.959999,38.07
38.099998,38.720001,38.060001,38.139999
38.200001,38.73,38.139999,38.459999
38.5,38.900002,38.330002,38.810001
38.91,39.43,38.790001,39.419998
39.259998,39.389999,39.119999,39.139999
39.189999,39.689999,39.189999,39.630001
39.66,40.200001,39.650002,40
39.759998,40.189999,39.580002,40.060001
40.080002,40.25,39.880001,39.98
40,40.299999,39.98,40.169998
40.099998,40.619999,40.099998,40.599998
40.59,40.790001,40.419998,40.57
40.330002,40.599998,40.060001,40.419998
40.509998,40.700001,40.34,40.619999
40.580002,40.790001,40.16,40.25
40.34,40.490002,40.189999,40.34
40.389999,40.779999,39.990002,40.779999
40.73,40.98,40.549999,40.939999
40.959999,41.150002,40.799999,41.130001
40.959999,41.150002,40.52,40.639999
40.860001,41.080002,40.650002,41.040001
41.18,41.360001,41.049999,41.18
41.119999,41.18,40.84,40.950001
40.880001,41.189999,40.66,41.09
41.25,41.619999,41.150002,41.57
41.560001,41.560001,41.259998,41.299999
41.049999,41.110001,40.759998,40.959999
40.849998,40.900002,40.09,40.110001
39.540001,40.27,39.48,39.5
39.599998,39.880001,39.48,39.869999
39.5,40.18,39.5,39.990002
39.580002,40.599998,39.48,40.52
39.939999,40.279999,39.459999,39.860001
39.799999,39.900002,38.279999,38.400002
38.529999,39.119999,38.25,39.110001
39.060001,39.139999,38.610001,38.98
38.990002,39.23,38.810001,39.099998
39.27,39.77,39.209999,39.77
39.700001,39.950001,39.349998,39.950001
40.07,40.610001,39.98,40.59
40.73,40.84,40.330002,40.610001
40.43,41.099998,40.27,41.099998
41.07,41.200001,40.84,40.98
41.18,41.18,40.580002,40.84
40.759998,41.049999,40.57,40.759998
41.240002,41.25,39.200001,39.849998
39.830002,40.529999,39.759998,40.400002
40.41,40.610001,40.139999,40.27
40.220001,40.400002,39.849998,39.970001
40.02,40.349998,39.619999,39.950001
39.869999,40.119999,39.849998,40
40.139999,40.470001,39.970001,40.400002
39.419998,39.970001,39.32,39.84
40.130001,40.59,40.099998,40.580002
40.689999,40.689999,40.360001,40.470001
40.369999,40.650002,40.189999,40.48
40.560001,40.689999,40.32,40.400002
40.189999,40.630001,40.040001,40.459999
40.369999,40.549999,39.889999,39.990002
39.709999,39.98,39.5,39.900002
40.07,40.07,39.509998,39.599998
39.59,39.84,39.450001,39.490002
39.610001,40,39.450001,39.75
39.759998,40.389999,39.75,40.369999
40.400002,40.639999,40.299999,40.419998
40.23,40.66,40.23,40.57
40.700001,40.740002,40.09,40.110001
40.209999,40.389999,39.349998,39.380001
39.470001,39.59,38.919998,38.990002
39.029999,39.060001,37.950001,37.950001
37.98,38.360001,37.700001,38.349998
38.540001,38.740002,38.150002,38.18
38.110001,38.59,38.110001,38.41
38.490002,38.66,38.389999,38.599998
38.639999,38.759998,38.389999,38.700001
38.77,39,38.439999,38.639999
38.950001,38.990002,37.830002,37.950001
37.799999,37.970001,37.299999,37.540001
37.509998,37.650002,37.189999,37.560001
37.75,37.950001,37.470001,37.939999
37.91,38,36.939999,36.990002
36.82,37.119999,36.349998,36.380001
36.77,36.82,36.240002,36.57
36.75,36.75,36.029999,36.630001
36.810001,37.099998,36.18,37.080002
37.02,37.619999,36.849998,37.52
37.459999,37.75,37.32,37.580002
37.57,38.139999,37.5,38.040001
38,38.200001,37.73,37.880001
38.139999,38.279999,37.720001,37.869999
37.779999,38.040001,37.299999,37.310001
37.509998,37.650002,36.400002,36.759998
36.880001,37.130001,36.759998,36.990002
37,37.619999,36.93,37.619999
37.77,37.939999,37.330002,37.59
37.599998,37.889999,37.419998,37.580002
37.259998,37.700001,37,37.450001
37.380001,37.400002,36.799999,36.84
36.970001,37.310001,36.57,37.310001
37.040001,37.75,37.029999,37.25
37.209999,37.689999,36.880001,37.599998
37.790001,38.389999,37.779999,38.279999
38.32,38.43,38,38.139999
38.09,38.279999,37.950001,38.040001
37.959999,38.029999,37.459999,37.880001
37.98,37.98,37.400002,37.77
37.57,38.27,37.48,38.119999
38.189999,38.450001,37.830002,38.200001
38.330002,38.75,37.959999,38.490002
38.130001,39.150002,37.490002,38.91
38.939999,39.150002,38.610001,39.09
39.18,39.470001,39.110001,39.259998
39.299999,39.299999,38.959999,39.049999
37.709999,39.130001,37.709999,38.75
38.77,38.77,38.439999,38.490002
38.619999,38.860001,38.330002,38.540001
38.310001,38.779999,38.209999,38.360001
38.240002,38.41,37.990002,38.040001
38.150002,38.200001,37.779999,38.029999
38.299999,39.130001,38.220001,39.110001
38.970001,39.34,38.919998,39.060001
38.919998,39.23,38.84,39.220001
39.009998,39.240002,38.75,39.18
39.060001,39.16,38.700001,38.849998
39.029999,39.349998,38.869999,39.040001
38.669998,39.099998,38.669998,38.900002
38.709999,39.5,38.709999,39.169998
39.16,39.27,38.700001,38.880001
38.959999,38.98,38.650002,38.689999
38.619999,38.779999,38.459999,38.66
38.580002,38.98,38.57,38.970001
38.860001,39.48,38.779999,38.790001
38.599998,39.02,38.5,38.889999
38.959999,38.970001,38.709999,38.799999
38.630001,39.080002,38.619999,38.970001
38.970001,38.970001,38.59,38.82
38.849998,39.290001,38.84,39.119999
39.040001,39.200001,38.740002,38.869999
38.939999,39.099998,38.810001,38.939999
38.799999,39.09,38.650002,39.029999
38.900002,38.990002,38.5,38.91
39.099998,39.110001,38.630001,38.73
38.279999,39,37.990002,38.779999
38.66,38.669998,38.259998,38.66
38.860001,39.450001,38.700001,39.16
39.259998,39.439999,39.060001,39.369999
39.459999,39.549999,38.790001,39.209999
39,39.299999,38.919998,39.07
39.119999,39.290001,38.849998,39.259998
39.07,39.259998,38.889999,38.939999
39.080002,39.169998,38.799999,39.09
39.240002,39.240002,38.810001,38.860001
38.970001,39.119999,38.860001,39.029999
39,39.099998,38.73,38.990002
38.900002,39.16,38.77,38.970001
39,39.189999,38.639999,38.66
38.77,38.950001,38.529999,38.779999
38.599998,38.669998,37.75,37.77
37.73,37.869999,37.27,37.810001
37.970001,38.049999,37.459999,37.950001
37.779999,38.130001,37.630001,37.93
37.799999,38.099998,37.720001,38.029999
38.200001,38.369999,37.799999,37.900002
37.860001,38.290001,37.740002,38.189999
38.259998,38.68,38.18,38.459999
38.349998,38.59,38.18,38.48
38.669998,39.029999,38.59,38.75
38.779999,39.040001,38.73,38.860001
39.110001,39.18,38.490002,38.779999
38.959999,39.299999,38.91,39.02
39.200001,39.259998,39.07,39.099998
38.950001,39.369999,38.950001,39.299999
39.5,41.82,39.490002,41.75
42.549999,42.549999,40.689999,40.689999
40.84,41,40.560001,40.639999
40.759998,41,40.599998,40.900002
41,41.290001,40.75,40.889999
40.689999,40.91,40.630001,40.75
40.889999,41,40.560001,40.900002
40.57,41,40.549999,40.790001
40.82,41.369999,40.759998,41.360001
41.360001,41.639999,41.259998,41.349998
41.310001,41.599998,41.290001,41.450001
41.380001,41.630001,40.990002,41.299999
41.189999,41.290001,40.93,41.029999
41.130001,41.619999,40.990002,41.5
41.27,41.580002,41.220001,41.48
41.43,41.450001,41.060001,41.150002
41.009998,41.130001,40.720001,40.810001
40.68,41.130001,40.470001,40.84
41.040001,41.07,40.580002,40.599998
40.73,41.060001,40.73,41.040001
41.07,41.259998,40.759998,40.860001
40.849998,40.970001,40.43,40.439999
40.369999,40.419998,39.869999,39.880001
39.970001,40.470001,39.790001,40.419998
40.220001,40.220001,39.73,39.98
40.029999,40.150002,39.84,40.029999
39.77,40.029999,39.529999,39.939999
39.990002,39.990002,39.549999,39.700001
39.599998,39.75,39.369999,39.52
39.490002,39.779999,39.189999,39.450001
39.77,39.860001,39.43,39.630001
39.669998,40.009998,39.669998,39.73
39.580002,39.779999,39.240002,39.240002
39.27,40.139999,39.23,40.119999
40.150002,40.240002,39.110001,39.130001
39,39.369999,37.240002,37.279999
37.23,37.91,36.810001,37.439999
37.709999,37.799999,37.169998,37.310001
36.880001,37.720001,36.700001,37.509998
36.919998,37.549999,36.619999,37.32
37.639999,37.93,37.43,37.830002
37.689999,38.139999,37.369999,38.099998
38.43,38.98,38.150002,38.91
38.93,39.27,38.59,38.68
39,39.669998,39,39.509998
39.509998,39.950001,39.450001,39.93
39.799999,39.98,39.560001,39.849998
39.93,40.48,39.93,40.470001
40.41,40.799999,40.34,40.599998
40.48,40.799999,40.380001,40.77
41.09,41.34,40.830002,40.98
41.060001,41.25,40.970001,41.16
41.16,41.439999,41,41.279999
41.400002,41.450001,41.09,41.25
41.299999,41.619999,41.080002,41.59
41.560001,41.889999,41.380001,41.869999
41.799999,42.240002,41.77,42
42,42.130001,41.889999,42.009998
41.889999,42.18,41.830002,42.139999
42.200001,42.209999,41.77,42
41.869999,42.150002,41.689999,42.049999
41.889999,42.16,41.639999,41.799999
41.869999,42.389999,41.869999,42.080002
42,42.119999,41.560001,41.919998
41.689999,42.150002,41.669998,42.130001
42.32,42.790001,42.27,42.490002
42.650002,42.880001,42.48,42.84
42.900002,43.310001,42.889999,43.189999
43.209999,43.279999,43,43.189999
43.360001,43.990002,42.970001,43.389999
43.18,43.540001,42.880001,42.98
42.950001,43.59,42.860001,43.130001
42.310001,43.5,42.310001,43
43.900002,45.029999,43.299999,44.650002
43.610001,44.98,43.610001,44.59
44.330002,44.689999,43.57,43.740002
43.450001,43.860001,43.130001,43.77
43.580002,44,43.099998,43.189999
43.43,44.23,43.41,43.549999
43.349998,43.48,42.400002,42.43
42.779999,42.990002,42.060001,42.310001
42.150002,42.669998,42.009998,42.080002
42.310001,43.029999,42.16,42.970001
43.5,44.130001,43.450001,44.119999
44.07,44.5,43.779999,43.950001
43.919998,44.18,43.779999,44.02
44.16,44.25,43.720001,43.98
44.02,44.200001,43.939999,43.990002
43.990002,44.349998,43.779999,43.959999
43.700001,44.32,43.529999,44.080002
44.040001,44.349998,43.810001,43.830002
43.970001,44.16,43.470001,43.470001
43.73,43.889999,42.75,43.099998
42.759998,43.189999,42.259998,42.540001
42.709999,42.849998,41.77,42.16
42.52,42.529999,41.970001,42.209999
42.529999,43.080002,42.360001,42.860001
42.93,43.23,42.740002,42.93
42.57,42.93,42.439999,42.5
42.529999,43.630001,41.939999,42.400002
41.970001,42.419998,41.77,42.23
42.259998,42.73,41.639999,41.73
41.650002,42.490002,41.599998,42.41
42.619999,42.73,41.639999,42.169998
42.25,42.52,41.75,42.43
42.66,43.25,42.23,43.169998
43.200001,43.860001,42.900002,43.52
43.540001,44.040001,43.240002,44.02
43.349998,43.880001,43.189999,43.689999
44.139999,44.189999,43.310001,43.360001
43.470001,43.77,43.07,43.740002
43.509998,43.880001,42.939999,42.990002
43.02,43.43,42.200001,43.189999
43.290001,44.27,43.290001,44.220001
43.91,44.43,43.84,44.169998
44.43,44.48,43.959999,44.110001
44.119999,44.419998,43.82,43.869999
43.630001,44.07,43.59,43.700001
44.09,44.189999,43.639999,44.130001
44.07,44.450001,44.02,44.400002
44.5,45.049999,44.41,44.869999
44.84,45.049999,44.700001,44.900002
44.900002,44.98,44.48,44.740002
44.599998,45.169998,44.43,45.16
46.060001,46.93,45.720001,46.529999
46.389999,47.16,46.16,46.950001
46.900002,47,46.669998,46.82
46.849998,47.189999,46.560001,47.060001
47.279999,47.369999,46.779999,47.189999
47.139999,47.220001,46.689999,46.720001
46.580002,46.779999,46.299999,46.41
46.240002,46.93,46.209999,46.919998
46.700001,46.830002,46.41,46.490002
46.369999,46.509998,46.099998,46.25
46.25,46.5,45.98,46.310001
46.060001,46.279999,45.77,45.939999
45.919998,46.119999,45.830002,45.959999
45.59,45.669998,45.060001,45.09
45.16,45.450001,45,45.34
45.259998,45.709999,45.040001,45.630001
45.509998,45.84,45.220001,45.709999
45.779999,46.459999,45.779999,46.369999
46.16,46.349998,45.860001,46.060001
46.049999,46.849998,46,46.52
46.509998,46.950001,46.509998,46.77
46.990002,47.240002,46.790001,47.130001
47.130001,47.150002,46.709999,46.720001
46.650002,46.93,46.369999,46.439999
46.639999,46.75,45.68,45.689999
45.450001,45.900002,45.360001,45.610001
45.560001,45.900002,45.310001,45.790001
46,46.599998,45.939999,46.419998
46.34,46.419998,46.099998,46.32
46.299999,46.41,45.810001,46.32
46.360001,46.560001,46.139999,46.459999
46.099998,46.880001,46.099998,46.869999
46.869999,47.349998,46.82,47.009998
47,47.650002,47,47.580002
47.439999,47.720001,47.259998,47.650002
47.650002,48.02,47.639999,47.799999
47.68,48.049999,47.450001,47.470001
47.389999,47.540001,47.029999,47.41
47.540001,47.779999,47.34,47.41
47.32,47.580002,47.23,47.349998
47.099998,47.130001,46.419998,46.48
46.68,47.130001,46.68,47
47.310001,47.490002,47.029999,47.290001
47.299999,47.580002,47.02,47.540001
47.52,48.110001,47.52,47.959999
48,48.029999,47.599998,47.610001
47.669998,47.869999,47.200001,47.299999
47.259998,47.919998,47.029999,47.610001
47.470001,47.740002,47.169998,47.5
47.259998,47.540001,46.740002,46.880001
47.09,47.299999,46.810001,47.09
47.099998,47.580002,46.98,47.23
46.970001,47.07,46.549999,46.619999
46.900002,46.919998,46.439999,46.82
46.740002,47.139999,46.639999,47.119999
47.639999,48.09,47.200001,47.98
47.830002,48.369999,47.5,48.240002
48.169998,48.200001,47.66,47.880001
48.119999,48.509998,48.02,48.23
48.419998,48.84,48.299999,48.720001
48.68,48.830002,48.400002,48.610001
48.439999,49,48.349998,48.959999
48.93,49.130001,48.84,49
49,49.529999,48.919998,49.240002
48.240002,49.939999,47.84,49.799999
49.509998,49.639999,49.110001,49.349998
49.349998,49.41,48.549999,48.84
49.150002,50.099998,48.889999,50
49.860001,50.200001,49.669998,49.830002
49.900002,50.200001,49.700001,49.889999
50.150002,50.279999,49.540001,49.919998
49.66,50.279999,49.66,50.16
50.220001,50.77,50.029999,50.73
50.700001,50.700001,50.18,50.32
50.34,50.75,49.900002,50.740002
50.799999,50.810001,49.759998,49.880001
49.790001,49.849998,49.310001,49.48
49.720001,50.349998,49.549999,50.209999
50.43,50.580002,50.220001,50.57
50.290001,50.5,50.169998,50.27
50.060001,50.299999,49.450001,49.740002
49.049999,50.200001,49.049999,50.009998
49.75,50.369999,49.75,50.07
50.029999,50.73,50.009998,50.32
50.43,50.540001,50.09,50.150002
50.389999,50.610001,50.23,50.599998
50.799999,50.799999,50.209999,50.389999
50.459999,50.459999,49.810001,50.25
50.360001,50.5,50.119999,50.459999
50.48,50.66,50.09,50.240002
50.139999,50.18,49.720001,49.900002
51,51,49.75,50.650002
50.830002,50.959999,50.110001,50.240002
50.240002,50.400002,49.57,49.919998
49.57,50.189999,49.549999,49.669998
49.580002,49.740002,48.849998,49.720001
49.450001,49.779999,49.349998,49.689999
50.09,50.720001,49.529999,50.32
50.669998,50.68,50.09,50.380001
50.66,50.869999,50.48,50.709999
50.880001,51.139999,50.810001,51.07
51.259998,51.290001,50.91,51.150002
51.189999,51.349998,50.75,50.790001
50.849998,50.869999,50.43,50.669998
50.709999,50.919998,50.529999,50.860001
51.029999,51.049999,50.259998,50.279999
50.09,50.73,49.950001,50.599998
50.599998,50.889999,50.290001,50.43
50.52,50.709999,49.799999,50.060001
49.66,49.75,49.130001,49.23
49.490002,50.279999,49.299999,50.240002
50.139999,50.73,49.900002,50.68
50.599998,51.009998,49.91,50.900002
51.009998,51.099998,50.490002,50.84
50.720001,50.720001,50.16,50.580002
50.650002,51.009998,50.43,50.970001
51.099998,51.75,50.959999,51.599998
51.68,51.799999,50.849998,51.07
51.009998,51.200001,50.549999,51.18
51.32,51.799999,51.02,51.75
51.200001,51.709999,50.990002,51.139999
50.919998,51.290001,50.240002,51.240002
51.27,51.650002,51.139999,51.389999
51.150002,51.639999,51.049999,51.639999
51.459999,52.150002,51.150002,52.130001
52.439999,52.5,51.869999,51.98
51.790001,52.650002,51.43,52.299999
51.799999,52.029999,48.349998,48.599998
48.119999,48.43,47.48,47.52
45.369999,47.150002,43.459999,45.700001
46.860001,47.240002,44.919998,44.98
46,46.91,45.279999,46.709999
47,47.48,45.98,46.939999
47.009998,47.5,46.799999,47.099998
47.130001,47.509998,46.91,46.93
45.860001,46.41,45.450001,45.639999
46.25,46.73,45.380001,46.310001
46.73,47.59,46.18,47.139999
46.490002,46.970001,46.360001,46.599998
47.389999,48.09,46.549999,48.049999
48.07,48.200001,46.02,47.220001
47.029999,48.060001,47.02,47.599998
47.32,48.029999,47.32,47.880001
48.110001,48.110001,47.630001,47.68
47.68,48.150002,47.68,48.049999
48.200001,48.400002,47.880001,48.130001
48.029999,48.41,47.709999,47.889999
47.200001,47.880001,47.200001,47.330002
47.389999,48.049999,47.32,47.720001
47.119999,47.57,47.02,47.509998
47.52,47.759998,47.23,47.57
47.310001,47.439999,46.740002,47.029999
47.509998,47.59,46.549999,46.799999
46.59,46.98,46.07,46.25
46.41,46.75,45.580002,45.959999
46.389999,46.740002,45.849998,46.18
46.169998,46.470001,45.810001,46.400002
45.93,46.93,45.549999,46.919998
47.18,47.630001,47.150002,47.549999
47.630001,47.830002,47.240002,47.549999
47.639999,47.900002,47.25,47.68
47.400002,47.970001,47.189999,47.799999
47.849998,48.23,47.419998,48.040001
47.830002,48.27,47.68,48.099998
47.93,48.169998,47.139999,47.599998
47.52,47.900002,47.470001,47.560001
47.580002,48.049999,46.009998,48.029999
48.110001,48.439999,47.919998,48.43
48.349998,48.73,47.540001,48.400002
48.509998,48.66,48.060001,48.18
48.310001,48.389999,47.610001,47.669998
48.299999,49.639999,47.880001,49.48
49.869999,49.939999,49.389999,49.720001
49.720001,50,49.549999,49.889999
49.709999,50.439999,49.220001,49.369999
49.860001,50.59,48.709999,50.580002
50.23,50.450001,49.869999,50.009998
49.98,50.130001,49.869999,49.98
50.09,50.619999,49.48,50.419998
50.25,50.75,50.049999,50.52
50.68,51.060001,50.59,51.040001
50.880001,51.099998,50.540001,50.84
50.830002,51.540001,50.619999,51.529999
51.369999,51.450001,50.82,51.189999
50.880001,51.439999,50.84,51.400002
51.450001,51.900002,51.130001,51.490002
51.119999,51.66,51.049999,51.119999
50.939999,51.220001,50.189999,50.560001
50.48,51.150002,50.48,51.07
51.200001,52.060001,51.09,51.630001
51.540001,52.130001,51,52.110001
52.189999,52.779999,50.959999,52.52
51.279999,51.279999,47.73,48.23
48.119999,49.639999,48.07,49.5
49.25,49.779999,49.09,49.52
49.52,49.900002,49.48,49.790001
49.959999,50.529999,49.73,50.470001
50.939999,50.939999,49.98,50.080002
50.48,50.860001,49.950001,50.490002
50.790001,50.860001,49.959999,50.029999
46.759998,48.689999,46.27,46.57
46.5,47.48,46.32,47.369999
47.490002,47.540001,46.110001,46.25
46,46.439999,45.669998,46.080002
46.119999,46.779999,45.25,45.380001
45.34,45.77,45.099998,45.5
45.25,45.82,44.849998,44.970001
44.91,45.48,44.700001,45.43
45.610001,45.889999,45.220001,45.23
45.41,45.959999,45.130001,45.720001
45.709999,45.919998,45.209999,45.220001
45.299999,45.5,44.740002,44.77
45.07,45.32,44.389999,44.73
44.849998,45.450001,44.619999,45.34
45.509998,45.98,45.25,45.880001
45.73,45.990002,45.630001,45.77
45.549999,46.189999,45.549999,46.16
46.369999,47,46.07,46.450001
46.279999,46.639999,46.110001,46.139999
46.07,46.52,45.610001,45.610001
45.110001,45.110001,44,44.919998
45.150002,46,44.549999,44.970001
44.369999,44.860001,43.959999,44.310001
43.5,43.990002,43.09,43.279999
43.459999,43.650002,42.279999,42.349998
42.630001,42.720001,41.82,42.09
42.439999,43.02,41.560001,42.02
42.110001,42.169998,40.360001,40.529999
40.830002,41.619999,40.200001,41.25
40.119999,40.970001,39.919998,40.959999
41.259998,41.360001,40.290001,40.689999
39.98,41.369999,39.66,40.939999
40.959999,41.23,39.259998,40.689999
41.139999,41.740002,40.880001,41.700001
41.549999,41.959999,41,41.119999
41.330002,41.970001,41.119999,41.779999
41.549999,42.040001,41.349998,41.509998
41.759998,41.900002,41.27,41.610001
41.869999,42.900002,41.860001,42.900002
42.619999,42.84,42.25,42.580002
42.23,43.419998,41.209999,42.25
42.549999,42.939999,41.91,42.529999
42.75,43.34,42.529999,42.860001
42.650002,42.650002,41.27,41.66
41.139999,41.599998,40.360001,41.32
40.759998,41.599998,40.5,40.959999
41.32,42.040001,41.290001,41.369999
40.77,41.75,40.77,41.34
42.189999,42.299999,40.419998,41.919998
42.43,43.169998,42.259998,42.959999
43.040001,43.84,42.790001,43.610001
46.049999,46.400002,43.93,44
43.939999,44.650002,43.459999,44.48
44.93,45.220001,44.419998,44.720001
44.689999,45.25,43.720001,44.099998
43.630001,44.290001,43.169998,44.220001
44.220001,44.75,44.009998,44.549999
44.759998,45.389999,44.709999,45.200001
45.16,45.34,44.740002,44.75
44.700001,45.889999,44.549999,45.880001
45.669998,45.98,44.990002,45.889999
45.66,45.889999,45.369999,45.869999
45.880001,46.669998,45.529999,46.220001
45.950001,46.360001,44.07,46.130001
45.790001,46.060001,45.369999,45.630001
45.849998,46.02,45.490002,45.779999
45.860001,46.169998,45.060001,45.52
45.869999,46.259998,45.720001,46.200001
46,46.34,45.970001,46.209999
45.919998,46.48,45.900002,46.41
46.169998,46.919998,46.169998,46.790001
46.830002,47.439999,45.959999,47.150002
47.02,47.82,46.16,47.779999
47.580002,47.810001,47.48,47.599998
47.439999,48.139999,47.259998,47.939999
47.849998,47.880001,47.490002,47.57
47.259998,47.91,47.110001,47.869999
47.799999,47.93,47.310001,47.68
47.619999,48.34,47.169998,48.27
48.439999,48.599998,47.919998,48.130001
48.200001,48.580002,47.970001,48.439999
48.240002,49.299999,48,49.279999
49.279999,49.369999,48.799999,48.93
48.5,48.889999,48.029999,48.419998
48.41,48.700001,47.970001,48.57
48.23,48.459999,47.860001,48.139999
48.52,48.830002,48.040001,48.240002
48.389999,48.689999,47.77,47.869999
47.950001,48.439999,47.349998,47.82
48.080002,48.369999,47.830002,48.25
48.220001,48.459999,48.049999,48.099998
47.919998,48.5,47.919998,48.380001
48.220001,48.990002,47.849998,48.860001
49,49.240002,48.759998,49.240002
49.029999,49.349998,48.509998,48.580002
48.77,49.310001,48.540001,49.110001
48.889999,49.279999,48.580002,49.049999
49.040001,49.189999,48.66,48.84
48.82,49.130001,48.27,48.490002
48.5,48.810001,48.27,48.610001
48.389999,48.919998,48.060001,48.259998
48.080002,48.139999,47.209999,47.52
47.52,48.810001,47.52,48.68
48.279999,48.599998,47.950001,48.310001
48.200001,48.200001,47.700001,47.810001
47.919998,48.189999,47.369999,47.450001
47.23,47.98,46.68,47.860001
47.75,48.400002,47.73,47.990002
48.240002,48.669998,47.889999,48.669998
48.450001,48.689999,48.16,48.200001
48.5,48.549999,48.02,48.470001
48.27,48.599998,47.84,47.91
48.16,48.970001,48.099998,48.610001
48.369999,48.599998,47.689999,47.779999
47.57,48.669998,47.470001,48.360001
49.189999,49.43,47.869999,48.740002
49.080002,50.049999,48.990002,49.919998
49.82,50.02,49.689999,49.799999
50.060001,51.52,49.34,51.18
51.189999,51.669998,51.189999,51.27
51.16,51.68,51.040001,51.34
51.259998,51.779999,50.860001,51.75
51.759998,51.990002,51.52,51.669998
51.380001,52,50.669998,51.98
51.669998,52.419998,51.669998,52.400002
52.200001,52.349998,51.759998,52.029999
52.400002,52.880001,52.23,52.470001
52.369999,52.990002,52.369999,52.759998
52.799999,53.459999,52.700001,53.439999
53.32,53.330002,53.040001,53.080002
52.59,52.93,52.389999,52.5
52.150002,52.759998,52.040001,52.139999
52.130001,52.349998,51.93,52.169998
52.330002,52.700001,52.16,52.529999
51.650002,52.610001,51.139999,52.52
52.41,52.5,51.959999,52.459999
52.810001,53.48,52.57,53.119999
53.16,53.439999,52.77,53.09
53.240002,53.560001,53.09,53.139999
53.43,53.950001,53.259998,53.93
52.02,52.91,51.68,52.080002
51.740002,51.919998,50.970001,51.330002
51.619999,52.150002,51.360001,52.110001
52.669998,53.040001,52.490002,53
53.240002,54.099998,53.029999,54.080002
53.900002,54.459999,53.32,53.77
53.349998,53.779999,53.290001,53.560001
53.189999,53.759998,53.02,53.740002
53.669998,53.869999,53.380001,53.82
54,54.59,53.700001,54.25
54.59,54.900002,54.41,54.669998
54.990002,55.040001,54.82,54.91
54.860001,55.150002,54.849998,54.869999
55.139999,55.209999,54.779999,54.790001
54.830002,54.900002,54.380001,54.419998
54.299999,54.75,54.169998,54.310001
54.349998,54.860001,54.09,54.580002
55,55,54.599998,54.880001
54.75,54.830002,54.279999,54.450001
54.560001,54.919998,54.169998,54.810001
54.900002,55,54.540001,54.619999
54.490002,54.610001,53.98,54.169998
54.48,54.630001,53.869999,54.029999
54.02,54.48,53.799999,54.310001
54.360001,54.439999,53.860001,54.16
54.32,54.560001,53.529999,54.549999
54.630001,54.689999,53.939999,54.130001
54.169998,54.459999,53.93,54.360001
54.549999,54.740002,54.27,54.68
55,55.169998,54.689999,55.16
55.16,55.32,54.970001,55.130001
55.259998,55.68,55.209999,55.490002
55.43,55.790001,55.040001,55.75
55.869999,55.939999,55.59,55.880001
55.869999,55.950001,55.599998,55.740002
55.849998,56.290001,55.439999,56.060001
56,56.200001,55.759998,55.860001
55.869999,56.060001,55.529999,55.889999
57.75,58.68,57.150002,58.5
58.5,58.669998,57.98,58.59
58.360001,58.869999,58.200001,58.52
58.610001,59.040001,58.52,58.93
58.810001,59.029999,58.119999,58.610001
58.59,58.830002,58.299999,58.740002
58.849998,59.290001,58.25,59.139999
59.09,59.52,59.09,59.290001
59.450001,59.59,59.029999,59.080002
59.099998,59.43,58.720001,59.290001
58.959999,59.41,58.66,59.139999
59.330002,59.799999,59.150002,59.669998
59.5,59.82,59.23,59.799999
59.790001,60,59.73,59.93
59.880001,59.98,59.389999,59.709999
59.380001,59.459999,58.32,58.32
57.98,59.130001,57.630001,59.09
58.529999,58.66,57.860001,57.93
58.139999,58.25,57.619999,57.720001
57.700001,58.599998,57.43,58.400002
58.34,58.34,57.84,58
58.09,58.68,57.720001,58.529999
58.91,58.950001,58.330002,58.34
58.509998,59,58.419998,58.98
59.080002,59.799999,58.869999,59.66
59.279999,59.669998,59.279999,59.380001
58.990002,59.369999,58.939999,59.18
59.080002,59.720001,58.84,59.619999
59.77,59.939999,59.349998,59.91
59.73,59.939999,59.049999,59.080002
59.349998,59.610001,58.919998,59.349998
59.299999,59.509998,58.880001,58.91
58.900002,59.18,58.52,58.790001
59.080002,60.02,59.060001,59.650002
59.560001,59.98,59.330002,59.830002
59.799999,59.880001,59.150002,59.259998
59.700001,61.360001,58.200001,60.560001
60.32,60.549999,59.330002,59.57
59.529999,59.939999,59.369999,59.759998
59.52,59.82,58.68,59.48
59.849998,60.580002,59.740002,59.75
59.759998,60.200001,59.630001,59.75
60.43,60.43,59.549999,59.619999
60.029999,60.040001,59.66,59.759998
59.57,59.82,58.93,59.189999
59.080002,59.389999,58.75,59.130001
59.369999,59.950001,59.259998,59.450001
59.299999,59.389999,58.32,58.610001
58.560001,59.009998,58.25,58.560001
58.790001,59,58.150002,58.330002
58.25,58.830002,58.23,58.369999
58.580002,59.439999,58.509998,59.310001
59.25,59.25,58.080002,58.299999
58.09,58.540001,57.639999,57.93
57.900002,58.389999,57.59,57.740002
57.720001,58.470001,57.549999,57.650002
58.66,59.41,58.490002,59.029999
58.75,59.830002,58.59,59.220001
58.18,59.150002,57.619999,59.02
59.369999,59.650002,58.259998,58.630001
58.669998,59.900002,58.57,59.630001
61.900002,62,59.759998,59.82
60.139999,60.330002,59.779999,60.07
59.75,60.82,59.75,60.77
60.68,61.689999,60.27,61.490002
61.709999,61.860001,61.080002,61.110001
61.279999,61.599998,61,61.310001
61.580002,61.580002,61.07,61.299999
61.049999,61.27,60.84,61.080002
61.099998,61.689999,61.099998,61.560001
61.330002,61.580002,61.110001,61.299999
61.169998,61.470001,61,61.169998
61.110001,61.200001,60.48,60.48
58.52,59.450001,56.669998,56.84
56.09,57.41,56.029999,57.110001
57.400002,57.669998,57.18,57.419998
57.98,58.68,57.880001,58
57.869999,59.049999,57.799999,58.919998
59.029999,59.540001,58.82,59.310001
59.299999,59.419998,58.849998,58.900002
58.599998,59.939999,58.580002,59.919998
60.189999,60.799999,59.91,60.279999
60.349998,60.720001,59.720001,59.959999