66.239998,69.370003,65.269997,68.540001
68.349998,69.870003,67.25,69.580002
69.639999,69.739998,67.529999,68.629997
68.559998,69.290001,66.68,66.980003
67.370003,71.709999,67,71.349998
70.970001,73.910004,70.129997,71.25
71.400002,71.910004,69.239998,70.099998
70.389999,70.889999,69.080002,69.959999
71.360001,75.610001,70.699997,75.580002
74.849998,75,72.309998,72.809998
73.089996,73.949997,69.839996,72.400002
73.470001,74.980003,72.639999,73.690002
71.610001,72.290001,70.099998,70.519997
70.400002,71.669998,69.75,71.440002
72.610001,74.5,72.120003,73.440002
73.019997,75.089996,71.709999,73.5
73.629997,77.239998,73.440002,76.339996
76.419998,78.32,75.5,78.169998
77.260002,78.360001,76,77.989998
76.970001,77.080002,74.879997,75.510002
75.93,77.110001,74.57,76.980003
77.510002,80,77.260002,79.769997
79.839996,79.970001,77.849998,78.940002
78,79.459999,76.940002,77.220001
75.5,75.809998,73.510002,74.709999
75.330002,77.480003,75.160004,77.25
76.779999,78.720001,75.879997,78.050003
78.440002,79.790001,76.830002,77.57
77.330002,79.099998,77.290001,78.739998
78.169998,82.18,77.809998,79.199997
81.330002,82.059998,79.080002,80.610001
82.029999,86.68,80.730003,84.459999
83.879997,84.980003,82.209999,83.120003
82.68,85.349998,82.400002,82.400002
82.989998,82.989998,79.260002,79.790001
80.93,82.669998,79.889999,80.519997
80.379997,80.379997,77.849998,78.959999
80.260002,81.349998,78.849998,79.769997
81.010002,82,80.190002,81.900002
82.879997,83.599998,79.660004,81.989998
82.730003,82.75,77.879997,79.279999
79.690002,80.230003,76.309998,77.949997
76.800003,79.849998,76.010002,78.610001
78.699997,78.970001,76.529999,77.93
76.25,76.650002,74.010002,74.190002
73.790001,76.059998,73.309998,75.110001
74.540001,76.209999,73.419998,73.599998
73.959999,75.959999,73.099998,75.949997
75.43,78.959999,75.120003,77.870003
78.5,81.110001,77.419998,77.970001
76.75,77.970001,75.400002,75.959999
76.099998,77.040001,75.019997,75.639999
75.029999,78.480003,74.550003,78.389999
78.510002,79.5,76.75,77.099998
77.699997,79.099998,75.879997,77.650002
77.720001,78.010002,76.400002,77.989998
78.209999,84.800003,77.489998,83.050003
82.419998,85.449997,82.099998,84.93
83.309998,85.709999,83.129997,85.68
85.419998,86.400002,84.57,85.519997
86.290001,87.949997,85.300003,87.559998
86.75,87.18,85.110001,86.360001
86.93,87.669998,86.169998,87.080002
87.580002,88.559998,84.830002,86.589996
86.300003,87.489998,85.050003,85.690002
85.029999,85.199997,82.010002,84.080002
82.830002,83.300003,81,83.18
83.699997,83.949997,81.279999,82.150002
82.5,84.300003,80.639999,82.650002
82.809998,82.949997,81,81.599998
82.150002,83.459999,81.5,82.959999
82.410004,82.43,78.559998,79.150002
78.970001,79.099998,76.25,77.68
78,80.529999,77.800003,79.269997
79.099998,82.230003,79.029999,82.199997
81.900002,84.139999,81.129997,83.879997
83.870003,84.199997,82.410004,83.029999
83.620003,84.919998,82.470001,83.660004
84.419998,84.5,81.370003,81.599998
81.110001,81.370003,78.510002,79.32
78.449997,78.889999,76.540001,78.099998
78.529999,78.690002,75.410004,75.629997
76.459999,77.93,75.699997,77.360001
78.25,78.540001,76.82,78.099998
77.519997,78.82,76.169998,77.629997
78.07,81.650002,78.010002,81.470001
81.480003,82.419998,80.419998,81.949997
83,84.639999,82.779999,84.550003
84.419998,86.239998,83.720001,86.110001
85.800003,86.5,85.199997,85.849998
86.269997,88.879997,86.260002,88.230003
88.519997,89.010002,87.400002,89.010002
88.650002,89.230003,87.779999,88.790001
89.839996,94.400002,89.589996,93.870003
87.599998,88.900002,85.5,86.489998
86.239998,86.489998,83.559998,84.239998
83.839996,85.639999,82.599998,84.980003
84.470001,85.5,83.519997,84.339996
85.639999,87.25,85.169998,86.089996
85.760002,86.75,84.620003,85.760002
86.559998,88.199997,86.559998,87.440002
87.480003,87.480003,84.93,85.800003
85.639999,85.75,83.019997,84.290001
84.309998,84.839996,83.050003,84.470001
84.099998,85.959999,84.099998,85.32
85.010002,85.470001,83.269997,84.440002
83.639999,84.400002,82.449997,83.559998
83.419998,86.599998,83.379997,85.959999
85.720001,86.370003,84.07,84.599998
84.110001,84.169998,82.779999,83.580002
81.160004,81.779999,80.25,81.059998
81.410004,82.690002,80.790001,82.120003
80.910004,83,80.489998,83
82.980003,84.349998,82.660004,84.089996
84.779999,85.059998,83.540001,85
85.169998,85.589996,84.239998,84.5
84.660004,86.339996,83.949997,84.190002
84.099998,84.760002,83.379997,84
84.010002,84.849998,83.139999,84.309998
84.779999,84.989998,82.57,82.760002
81.93,81.949997,80.349998,81.190002
80.739998,82.419998,79,79.160004
79.040001,80.150002,77.800003,78.139999
78.389999,78.959999,77.510002,78.459999
78.269997,79.779999,77.629997,78.870003
79.860001,81.040001,78.870003,80.900002
80.599998,82.629997,80.5,82.239998
82.330002,84.07,82.300003,83.849998
84.440002,84.900002,83.760002,84.540001
83.809998,84.57,83.459999,83.860001
84.169998,84.410004,82.790001,83.550003
85.910004,90.980003,85.900002,90.699997
90.75,91.190002,89,90.440002
90.739998,91,89.470001,90.279999
89.690002,90.760002,88.480003,90.559998
91.459999,94.190002,91.099998,93.75
92.82,94.5,92.220001,92.379997
92,92.709999,90.769997,92.110001
91.440002,92.25,89.75,90.519997
91.040001,92.809998,90.599998,92.209999
91.959999,92.330002,90.099998,91.720001
92.260002,94.169998,91.43,93.360001
92.5,92.900002,90.370003,91.040001
90.050003,91.139999,89.580002,89.849998
90.25,90.93,88.269997,88.669998
89.330002,91.080002,88.400002,90.910004
91.5,94.480003,91.150002,93.970001
94.800003,96.720001,94.230003,95.220001
95,95.949997,94.260002,95.709999
96.169998,96.25,93.07,93.599998
93.830002,95.25,93.68,94.830002
96.220001,97.82,96.019997,97.459999
95.129997,97.059998,95.080002,96.010002
95.300003,96.120003,93.610001,95.32
95.349998,96.279999,94.25,94.68
95.910004,96.099998,94.269997,94.980003
95.269997,96.629997,92.910004,93.419998
93.660004,94.099998,91.699997,93.449997
111.050003,119.650002,110.620003,118.489998
119.209999,125.68,118.489998,124.639999
122.93,124.260002,119.419998,122.07
121.57,125.120003,120.760002,121.639999
123.900002,124.300003,120.120003,122.580002
121.970001,122.900002,118.209999,118.809998
118.660004,119.5,116.709999,118.839996
117.669998,118.879997,116.629997,118.370003
119,119.25,116.760002,117.099998
117.459999,120.949997,116.25,120.610001
123,126.980003,122.669998,126.199997
127.110001,128.320007,125.589996,126.669998
126.800003,130.610001,126,130.149994
131.080002,131.309998,128.330002,129.910004
129.979996,132.149994,129.979996,130.529999
131.160004,132.990005,129.75,132.970001
132.119995,134.559998,130.979996,131.589996
131.399994,131.850006,129.320007,131.25
130.899994,131.410004,129.529999,131.289993
130.539993,130.539993,128.479996,128.990005
127.760002,129.990005,127.410004,129.660004
131.050003,133,131,133
133.570007,134.330002,132.220001,132.940002
133.309998,134.199997,132.399994,134.029999
130.300003,133,129.880005,131.740005
132.190002,136.080002,132.160004,135.910004
136.940002,139.350006,135.75,138.5
139.149994,142.669998,138.960007,142.25
143.619995,145.910004,140.770004,141.169998
143.419998,143.449997,135.110001,137.580002
138,139,133.839996,134.210007
134.300003,136.080002,132.869995,134.110001
134.600006,134.710007,129.820007,131.309998
132.410004,136.190002,132.399994,135.380005
136.070007,136.289993,133.199997,134.149994
132.5,132.610001,129.350006,131.380005
130.759995,132.460007,129.589996,130.229996
130.929993,131.449997,127.650002,128.360001
129.360001,130.080002,126.900002,126.910004
127.910004,128.789993,125.650002,128.479996
130.479996,133.199997,130.190002,132.789993
133.759995,135.990005,132.649994,133.75
134.800003,139.050003,134.350006,138.940002
139.199997,139.699997,137.539993,138.470001
139.75,141.979996,138.529999,139.309998
141.289993,142.580002,138.550003,139.410004
138.399994,138.399994,135.279999,136.490005
137.089996,137.279999,134.520004,134.520004
136.25,136.610001,133.139999,133.899994
133.429993,135.479996,131.809998,134.690002
134.600006,134.729996,131.649994,132.25
132.009995,132.320007,128.800003,130
130.559998,133.679993,129.029999,133.520004
132.619995,132.800003,129.210007,130.309998
128.990005,129.820007,126.550003,127.349998
127.900002,129.710007,125.75,129.110001
129.139999,130.380005,126.400002,127.349998
129.179993,129.649994,127.059998,127.139999
126.309998,128,124.330002,127.610001
127.129997,129.199997,125.080002,125.779999
127.260002,128.149994,125,126.620003
125.599998,127.669998,120.760002,121.43
122.099998,122.279999,118.120003,120.309998
120.559998,122.980003,119.059998,119.480003
121.029999,123.330002,118.800003,122.75
124.43,127.199997,122.800003,126.029999
129.770004,131.850006,124.139999,125.410004
123.18,124.860001,113.82,118.870003
118.790001,118.980003,114.400002,118.120003
117.120003,119.610001,116.559998,119.099998
118.639999,120.330002,115.739998,115.940002
115.879997,117.650002,114.099998,117.389999
119.379997,121,116.559998,116.830002
118.199997,119.089996,117,118.029999
118,118.610001,116,117.360001
117.209999,120.419998,116.5,120.089996
118.989998,119.940002,117.5,119.660004
120.059998,120.5,117.18,117.529999
117.07,117.129997,115.550003,116.309998
115.839996,118.510002,114.82,118.080002
117.910004,119.089996,117,117.519997
117.370003,118.970001,116.18,118.010002
118.010002,119.25,116.510002,117.239998
117.959999,119.800003,117.150002,119.720001
118.169998,118.339996,115.849998,118.199997
117.879997,119.43,117,118.400002
118.699997,124.660004,117.529999,124.540001
125.010002,127.349998,124.800003,125.529999
125.400002,126.940002,124.43,125.889999
125.980003,128.850006,125.57,128.529999
129.130005,129.449997,127.07,128.910004
128.300003,130.850006,127.709999,130.110001
129.589996,130.809998,127.970001,128.820007
129.110001,131.169998,128.479996,130.509995
130.449997,133.619995,130.360001,133.580002
134.199997,134.199997,131.179993,131.820007
131.699997,132,128.630005,131.130005
131.240005,132.289993,130.5,131.789993
132.410004,132.690002,131.220001,131.339996
131.020004,132.850006,130.440002,132.759995
133.710007,133.710007,129.660004,130.350006
130.199997,130.960007,128.639999,130.470001
130.889999,130.940002,128.070007,129.259995
128.639999,129.399994,127.199997,128.039993
129.139999,136.910004,128.039993,134.729996
134.899994,136.990005,133.759995,135.059998
135.369995,136.630005,134.330002,135.119995
135.740005,138.190002,135.360001,136.580002
136,136.800003,134.479996,135.770004
135.800003,136.509995,131.179993,131.809998
132.850006,133.740005,130.779999,131.490005
131.229996,136,131.179993,135.559998
135.960007,136.080002,133.860001,134.869995
134.710007,141.25,134.710007,140.960007
140.720001,141.330002,139.070007,140.059998
140,142.910004,139.679993,141.199997
141.229996,141.979996,139.119995,140.160004
140.339996,144.5,139.199997,144.279999
144.550003,147.089996,144,145.820007
144.880005,147.169998,141.449997,142.169998
142.350006,143.669998,139.130005,142.429993
143.830002,144.639999,142.100006,144.199997
145.169998,149,143.520004,146.429993
147.009995,151.089996,145.880005,150.089996
145.380005,149.089996,142.419998,143.630005
143.199997,147.729996,142.899994,147.110001
145.550003,146.440002,141.110001,142.020004
142.589996,142.75,138.690002,139.350006
140.089996,142.449997,139.789993,141.729996
141.399994,141.399994,136.910004,137.100006
137.199997,139.440002,136.110001,137.490005
135.619995,135.809998,128.380005,129.830002
128,131.610001,127.550003,130.929993
130,132.330002,120.599998,128.710007
127.970001,131.179993,123.760002,124.980003
129.729996,132.210007,129.259995,131.289993
129.949997,133.080002,128.470001,130.460007
131.410004,134.130005,129.679993,133.869995
133.929993,136.990005,131,131.470001
130.360001,131,126.760002,128.529999
128.240005,129.949997,125.800003,128.910004
130.139999,131.25,125.510002,126.279999
125.510002,127.93,123.800003,124.589996
122.639999,125,118.779999,119.709999
117.900002,124.970001,117.519997,122.720001
122.57,124.5,120.650002,122.120003
118.540001,125.190002,118.5,124.860001
125.050003,125.790001,122.300003,123.209999
124.980003,126.849998,120.599998,126.699997
126.07,127.599998,124.010002,125.459999
124.970001,126.57,123.019997,123.239998
124.019997,126.43,121.650002,126.309998
126.25,129.149994,124.849998,128.759995
126.330002,128.199997,122.18,122.769997
125.839996,126.610001,121.669998,122.010002
122,122,115.800003,118.839996
120.309998,121.470001,117.360001,117.910004
120,123.5,119.199997,123.209999
121.389999,123.529999,120.290001,123.029999
124.239998,125.699997,123.5,123.830002
123.199997,126.919998,122.5,126.839996
125.389999,127.980003,125.360001,126.900002
126.739998,127.800003,124.690002,125.889999
126.480003,127.480003,125.07,125.830002
126.790001,127.480003,121.410004,122.550003
122.650002,125.230003,121.550003,122.309998
122.110001,123.220001,120.040001,121.449997
120.610001,120.849998,116.800003,118.330002
118.139999,121.760002,117.629997,121
118.849998,120.040001,117.099998,117.800003
116.260002,116.480003,106.010002,108.610001
108.580002,112.68,108.110001,109.260002
108.900002,111.690002,106.699997,110.959999
110.919998,111.290001,108.559998,109.139999
110.650002,112.529999,109,110.059998
109.839996,113.629997,109.809998,113.43
115.019997,117.480003,114.07,116.220001
116.550003,117.400002,114.650002,117.260002
117.809998,119.699997,117.32,119.510002
120.690002,124.879997,120.300003,123.650002
123.029999,123.75,121.470001,123.300003
120.129997,122.480003,119.260002,122.059998
121.279999,121.919998,118.010002,118.489998
118.379997,120.739998,117,119.940002
120.610001,120.709999,117.510002,120.099998
120.620003,121.25,117.260002,117.43
118.709999,120.870003,118.019997,120.07
105.93,119.279999,105.800003,118.870003
118.260002,118.599998,114.879997,118.400002
118.43,118.5,115.07,117.129997
117,118.199997,116.400002,117.129997
117.989998,118.870003,115.519997,116.860001
115.529999,118.739998,114.510002,117.889999
119.150002,120.379997,117.57,120.07
120,122.870003,119.68,122.419998
123.059998,128.470001,123,127.580002
126.769997,128,125.82,127.830002
126.720001,128.399994,125.900002,128.320007
128.460007,129.929993,127.849998,128.830002
127.949997,130,127.379997,130
128.100006,128.119995,125.199997,125.889999
123.760002,127,123.550003,126.559998
126.059998,127.480003,124.260002,124.690002
123.610001,127.370003,123.040001,126.07
127.339996,129.979996,126.790001,128.860001
129.25,130.809998,128.259995,129.649994
129.220001,130.020004,126.82,127.57
127.199997,128.039993,126.019997,127.760002
127.860001,129.220001,126.5,126.599998
125.410004,125.440002,123.18,124.529999
123.849998,127.370003,123.830002,126.849998
127.150002,127.589996,124.82,124.860001
125.459999,126.639999,122.25,126.639999
126.029999,126.949997,123.690002,123.790001
122.849998,125.900002,122.5,124.830002
126.360001,132.600006,126.169998,132.490005
132.169998,135.210007,132.050003,135.210007
136.889999,139.5,136.630005,138.789993
137.559998,138.600006,136.889999,137.220001
137.929993,139.699997,136.449997,139.139999
140.389999,141.369995,139.259995,140.380005
140.75,142.600006,140.039993,142.440002
144.070007,145.740005,143.759995,145.070007
144.5,146.699997,143.830002,145.75
144.880005,145.619995,143.559998,145.449997
145.399994,148.229996,145.160004,148.130005
148.899994,148.979996,146.5,148.320007
148.699997,151.949997,147.350006,151.300003
150.759995,153.309998,149.600006,150.729996
149.839996,152.699997,149.100006,151.830002
151.199997,155.919998,150.970001,152.850006
155.429993,160.889999,155.419998,160.729996
160.220001,161.199997,157.880005,159.369995
159.839996,160.880005,154.889999,159.699997
159.029999,161.779999,157.75,158.990005
160.009995,160.929993,155.600006,157.059998
157.080002,157.440002,152.199997,153.710007
153.949997,155.960007,152.789993,155.389999
157.080002,161.210007,157.009995,160.869995
160.600006,160.679993,154.600006,155.399994
156.509995,157.399994,153.389999,156.270004
155.179993,156.279999,152.779999,155.550003
154.889999,156.630005,152.339996,153.029999
152.509995,156.949997,151.399994,156.479996
156.690002,156.789993,153.850006,155.169998
155.160004,156.949997,154.229996,155.529999
158.419998,164.880005,156.75,164.639999
165,165.190002,161.820007,163.559998
160.679993,162.800003,157,158.669998
158.779999,159.869995,156.570007,158.669998
162.669998,166.130005,161.289993,164.970001
162.449997,170.169998,162.270004,169.130005
171.570007,171.990005,168.320007,169
167.570007,171,167.5,169.949997
168.910004,169.75,166.539993,167.509995
168.309998,168.490005,165.050003,166.839996
165.800003,168.5,164.809998,165.229996
164.449997,164.580002,161.520004,162.580002
163.75,165.940002,163.360001,164.610001
165.399994,168.610001,162.289993,168.470001
169.860001,172.529999,168.399994,168.929993
169.350006,171.649994,168.589996,170.770004
170.839996,173.199997,168.779999,171.990005
172.669998,173.139999,169.059998,170.270004
170.589996,173.369995,169.410004,173.330002
171,172.050003,169.419998,170.369995
170.119995,171.259995,165.050003,165.679993
165.160004,165.350006,158.559998,158.899994
158.740005,160.910004,156.770004,157.779999
157.839996,160.850006,157.550003,158.350006
160.740005,165,160.740005,164.169998
163.949997,164.990005,162.839996,164.820007
165.100006,170.600006,165,170.389999
168.610001,168.809998,164.619995,168.199997
171.529999,177.889999,171.529999,177.25
177.360001,178.380005,176.160004,177.199997
179.990005,181.839996,177.570007,179.490005
176.949997,177.699997,174.899994,175.399994
179.160004,179.320007,176,176.550003
176.860001,177.449997,173.919998,176.529999
175.5,176.399994,174.050003,175.679993
175.520004,178.429993,174.600006,178.050003
180.5,181.470001,176.570007,176.770004
177.490005,178.160004,175.199997,176.289993
177.770004,178.110001,173.800003,174.850006
174.880005,175.949997,173.360001,175.619995
176.330002,177.940002,173.729996,174.25
174.279999,175.759995,173.089996,173.940002
173.720001,179,173.589996,175.570007
175.580002,178.300003,175.039993,178.039993
178.410004,178.75,177.020004,177.580002
179.270004,183.979996,178.039993,183.289993
183.880005,185.649994,182.600006,184.75
185,185.449997,184.110001,184.759995
184.339996,184.979996,181.889999,182.589996
181.899994,183.139999,180.449997,182.139999
182.100006,182.770004,181.050003,181.089996
181.800003,184.350006,180.410004,183.369995
183.919998,184.550003,182.75,182.75
181.960007,182.300003,179.509995,180
181.369995,186,181.210007,184.220001
186.149994,187.699997,183.779999,185.009995
184.100006,187.449997,184.070007,187.419998
186.5,187.410004,185.25,185.860001
187.880005,188.449997,183.740005,185.490005
185.039993,185.289993,182.509995,184.679993
185.419998,186,183.210007,184.339996
185.360001,185.380005,183.300003,184.080002
183.600006,186.449997,183.509995,185.529999
185.5,188.940002,184.919998,188.75
188.660004,191.600006,188.25,191.25
190.899994,191,186.210007,186.869995
185.289993,186.850006,181,181.960007
183,183.25,176.839996,177.419998
177.949997,178.490005,174.149994,176.850006
175.5,176.75,174.279999,176.699997
177.509995,177.889999,174.630005,175.389999
177.479996,185,177.309998,184.449997
171.449997,173.710007,166.899994,171.139999
170.160004,171.440002,167.410004,169.639999
170.520004,173.100006,169.509995,172.110001
171.419998,175.199997,170.869995,173.529999
173.5,174.669998,171.949997,173.710007
174,177.190002,173.75,175.929993
176.149994,177.550003,174.770004,176.429993
176.660004,183.110001,176.589996,183.059998
183.149994,186.470001,182.259995,185.300003
184.389999,187.240005,183.600006,186.210007
185.559998,189.5,185.369995,189.25
189.25,191.399994,188.350006,190.419998
188.729996,190.490005,188.25,189.029999
189.770004,190,186.350006,186.619995
185.770004,189.089996,185.309998,187.759995
187.539993,188.5,185.130005,186.5
183.679993,184.720001,179.320007,180.419998
180.25,181.149994,174.389999,176.679993
176.860001,179.75,174.559998,177.75
178.949997,180.75,177.100006,177.240005
173.910004,175.889999,172.149994,173.289993
173.529999,173.960007,168.669998,169.440002
169.089996,173.300003,168.350006,172.020004
173.710007,174.460007,172.050003,172.789993
172.619995,172.75,169.509995,171.669998
171.919998,172.089996,166.240005,169.080002
169.389999,169.710007,166.720001,166.889999
166.669998,169.75,163.899994,169.050003
167.070007,168.470001,164.820007,166.139999
165.5,169.199997,164.119995,168.070007
166.600006,168.080002,164.570007,166.729996
161.389999,166.880005,160.759995,165.080002
164.699997,168.139999,162.869995,164.699997
165.910004,166.300003,160.779999,160.970001
161.190002,163.539993,160.589996,161.820007
163.369995,165.789993,161.720001,164.520004
164.070007,164.440002,162.25,162.600006
162.300003,166.259995,160.820007,165.320007
168.210007,172,167.360001,171.100006
171.639999,173.490005,170.300003,170.979996
171.800003,172.5,169.25,169.350006
170.729996,174.839996,170.070007,174.619995
177.779999,181.160004,177.660004,179.419998
179.309998,181.570007,178.5,180.130005
181.580002,183.25,178.589996,180.130005
180.889999,183.610001,180.690002,182.940002
182.100006,186.360001,181.800003,185.289993
186.149994,188.270004,181.119995,182.759995
182.779999,185.169998,181.759995,184.910004
185.259995,186.220001,182.779999,184.710007
184.860001,186.490005,181.850006,184.039993
183.059998,184.589996,179.419998,180.479996
180.830002,182.880005,179.800003,182.289993
181.389999,182.080002,179.360001,181.820007
181,181.779999,179.020004,180.009995
178.380005,178.910004,175.369995,178.339996
178.350006,179.470001,176.600006,178.820007
181.619995,185,181.589996,183.869995
184.559998,185.970001,183.050003,185.889999
185.649994,186.350006,183.770004,185.419998
186.270004,186.419998,180.740005,182.300003
183.199997,197.800003,182.75,196.630005
195.960007,196.789993,192.270004,195.070007
194.380005,196.589996,193.779999,195.809998
196.570007,203.419998,196.179993,201.190002
201,202.589996,196.690002,198.449997
198.25,201.860001,195.369995,199.970001
198.660004,201,196.119995,197.110001
199.100006,199.559998,196.559998,197.600006
198.339996,202.360001,196.779999,200.800003
201.940002,205.289993,201.559998,203.940002
203.119995,205.5,202.25,204.380005
204.220001,206.190002,200.619995,206.070007
205.699997,206.389999,202.360001,202.559998
200.539993,200.899994,191.369995,192.509995
191.820007,195.979996,191.759995,194.809998
194.130005,198.279999,193.25,197.089996
198.330002,199.949997,197.550003,198.800003
197.949997,199.800003,197.240005,198.649994
195.559998,197.289993,192.020004,196.220001
197,197,193,193.270004
193.570007,194.350006,191.139999,192.259995
191.240005,196.449997,190.880005,195
194.759995,196.119995,193.5,194.130005
195.940002,198.440002,195.029999,196.690002
196.059998,197.259995,192.050003,192.399994
192.279999,194.440002,190.559998,193.649994
191.229996,193.210007,187.619995,188.320007
188.009995,189.850006,185.179993,185.690002
185.720001,190.630005,185.520004,187.550003
187.449997,189.809998,186.320007,188.050003
189.740005,191.759995,185.710007,189.679993
189.25,190.770004,186.279999,186.529999
186.809998,189.309998,184.860001,186.289993
188.990005,190.720001,187.070007,189.960007
188.039993,192.449997,185.300003,185.979996
185.740005,187,181.589996,183.649994
186.509995,187.389999,184.639999,186.369995
185.960007,188.850006,185.570007,187.720001
188.300003,195,187.119995,194.229996
193.960007,195.199997,191.320007,191.630005
189.5,194.460007,188.300003,194.160004
193.880005,194.919998,191.350006,192.550003
194.5,202.580002,194.029999,201.25
201.919998,202.880005,200.600006,202.350006
202.669998,206.25,201.029999,204.179993
200.779999,205.199997,200.5,204.490005
205.550003,210.270004,203.610001,209.490005
208.759995,214.449997,208.729996,213.190002
212.119995,214.399994,211.009995,214.190002
215.089996,217.800003,215.089996,216.740005
214.300003,218.320007,213.25,218.279999
216.740005,217.5,211,212.550003
214.639999,215.649994,211.119995,211.229996
214.699997,216.830002,212.139999,213.5
213.580002,215.910004,209.380005,210.380005
213.080002,214.529999,209.289993,212.869995
212.529999,213.389999,208.289993,211.529999
213.770004,218.399994,213.770004,218.059998
220.050003,220.199997,214.410004,215.550003
216.740005,217.089996,211.070007,213.210007
213.860001,217.949997,211.110001,216.520004
215.490005,216.080002,213,213.490005
214.990005,215.600006,210.350006,214.179993
224.389999,227.199997,219.619995,222.520004
223.270004,225.949997,220.229996,223.899994
221.289993,225.75,219.509995,222.520004
225,227.449997,217.660004,221.320007
220.320007,222.429993,211.300003,211.699997
212.970001,214.830002,205.539993,209.960007
206.729996,208,201.449997,201.479996
204.669998,207.320007,194.839996,202.699997
196.399994,200.389999,190.050003,193.699997
196.699997,205.089996,190.460007,205.089996
200.759995,202.399994,193.600006,194.130005
197.009995,200.850006,191.360001,198.360001
200.279999,204.559998,197.210007,202.300003
202.059998,205.279999,198.320007,202.949997
201.139999,201.389999,194.75,197.679993
198.529999,199.600006,193.740005,195.929993
191.210007,191.339996,179.720001,182.520004
180.289993,190,177.550003,178.929993
182.830002,184.199997,177.100006,177.539993
178.919998,194.839996,178.520004,193.550003
193.889999,196.309998,190.169998,193.729996
194.410004,196.990005,191.070007,192.029999
191.240005,199.720001,189.600006,199.270004
202.820007,206.669998,202.550003,206.529999
205.779999,212.490005,204.320007,210.919998
212.270004,216.169998,211.350006,215.229996
215.279999,217.639999,211.619995,212.539993
208.940002,210.690002,207,210
204.770004,216.600006,204.470001,216.179993
218.800003,220.190002,214.220001,219.899994
218.300003,220.639999,216.339996,217.259995
215.050003,216.960007,209.75,211.389999
208.75,216.660004,208.649994,216.559998
217.789993,219.949997,215.009995,219.529999
220.220001,224.990005,216.720001,222.570007
223.990005,227.199997,221.25,226.779999
227.570007,240.440002,226.740005,239.300003
237.110001,244,232.880005,241.690002
240.800003,241.050003,231.029999,233.25
234.509995,240.520004,231.809998,231.869995
224.720001,228.789993,219,223.229996
220.509995,224.490005,219.059998,223.610001
227.479996,230.240005,221.399994,229.850006
234.220001,234.75,222.399994,224.210007
226.350006,235.809998,225.600006,229.710007
234.169998,234.300003,216.289993,222.440002
218.190002,223,215.210007,216.229996
217.009995,221.600006,211.389999,211.979996
209.619995,215,200.429993,212.5
212.529999,220.169998,208.479996,219.5
220.279999,223.619995,217.550003,221.509995
222.479996,227.899994,218.410004,224.740005
226.229996,232.800003,224.100006,231.320007
230.600006,236.75,229,235.479996
236.639999,241.839996,234.330002,236.809998
237,239.679993,235.229996,236.149994
240.869995,246.710007,240.179993,246.710007
244.289993,246.710007,240.669998,242.330002
242.309998,244.610001,236.619995,243.880005
240.669998,243.330002,229.25,231.529999
232.130005,234.740005,229.800003,233.610001
236.910004,237,230.600006,234.779999
236.020004,240.470001,234,237.610001
238.589996,239.009995,225.889999,227.149994
203.690002,207.580002,196.509995,198.399994
204.259995,208.600006,201.100006,206.779999
206.529999,218.399994,205.75,217.320007
215.789993,218.889999,213.039993,213.509995
208.110001,216.210007,207.429993,212.100006
215.550003,216.789993,212.720001,215.619995
216.300003,218.5,213.020004,218.289993
217.649994,218.229996,214.330002,216.479996
216.839996,220.199997,214,217
219.199997,219.350006,215.210007,217.990005
214.949997,215.699997,210.600006,211.220001
213.5,214.059998,208.100006,210.789993
212.520004,217.880005,210.309998,217.389999
215.649994,222.350006,214.25,218.929993
218,220.330002,214.259995,217.830002
216.270004,216.970001,211.229996,211.990005
212.509995,212.899994,202.100006,204.520004
205.330002,205.339996,197.110001,197.139999
193.289993,193.360001,185.050003,189.25
186.949997,194.039993,183.580002,192.339996
193.059998,194.600006,187.889999,188.990005
190.410004,190.830002,181.509995,182.399994
191.649994,194.619995,190.539993,194.149994
194.779999,195.5,187.300003,188.389999
194.759995,195.300003,188.75,192.289993
191.850006,198.070007,191.589996,197.130005
197.070007,199.660004,195.179993,196.029999
198.860001,199,193.669998,196.240005
195.979996,198.320007,190.110001,191.990005
191.029999,196.710007,189.119995,195.320007
193.570007,195.889999,190.080002,190.479996
191.210007,193.949997,188.399994,193.029999
190.029999,191.149994,187.630005,189.520004
188.559998,189.679993,178.5,180.509995
179,180.75,170.25,180.210007
182.050003,184.800003,179.529999,181.259995
182.419998,184.410004,180.309998,181.259995
182,183.169998,179,179.330002
182.690002,183.169998,180.539993,182.520004
181.919998,183.5,172.490005,174.350006
175.089996,179.669998,174.210007,179.029999
179.220001,179.679993,175.600006,177.279999
177.729996,178.589996,176.160004,176.270004
176.389999,176.649994,172.279999,173.889999
169.619995,174.550003,166.970001,173.860001
173.360001,175.169998,172.490005,173.100006
175.889999,179.479996,175.550003,179.029999
179.210007,180.5,176.070007,177.509995
175.940002,178.25,174.050003,177.610001
178.070007,184.649994,177.5,182.610001
182.759995,184.369995,177,178.559998
181.100006,182.399994,177.100006,179.339996
179.639999,180.770004,178.190002,178.899994
179.419998,179.490005,175.75,175.929993
175.809998,178.800003,173.5,178.419998
180.149994,183.300003,178.509995,181.660004
181.940002,190.25,181.119995,189.440002
190.880005,195.940002,190.360001,194.449997
190.710007,192.899994,189.039993,190.929993
190.789993,191.729996,185.229996,186.089996
185,188.410004,183.820007,187
186.990005,188.169998,184.610001,187.800003
189.300003,194.850006,188.729996,193.320007
193.089996,196.5,192.330002,195.369995
193.679993,195,190.130005,192.149994
194,195.630005,189.699997,194.440002
173.809998,179.949997,172,179.460007
179.649994,181.940002,176.800003,181.720001
182.830002,187.899994,181.889999,187.679993
186.279999,186.559998,182.919998,183.139999
182.649994,184.940002,182.059998,184.190002
184.949997,186.490005,182.910004,185.479996
184.5,185.690002,181.759995,184.979996
183.419998,187.630005,182.520004,185.539993
187.169998,192.5,185.679993,191.589996
191.080002,193.570007,186.100006,191.300003
191.289993,191.539993,183.259995,184.470001
177.789993,181.679993,175.139999,179.929993
180.089996,183.410004,179.360001,182.5
182.649994,184.75,180.580002,182.259995
181.949997,182.990005,180.289993,180.580002
179.639999,180.75,176.960007,178.889999
179.699997,180.740005,178.369995,179.130005
177.539993,179.190002,176.5,178.529999
178.899994,184.289993,177.949997,183.800003
183.889999,184,179.009995,179.690002
179.889999,180.490005,176.580002,180.039993
179.479996,181.839996,178.919998,179.300003
179,181.820007,178.179993,180.259995
178.679993,183.5,178.039993,181.089996
182.649994,185.5,182.399994,183.770004
184.169998,188.380005,183.800003,187.639999
186.789993,187.199997,183.440002,184.320007
184.130005,185.399994,182.199997,183.389999
183.919998,184.869995,180.770004,184.589996
183.649994,184.320007,181.139999,182.259995
182.020004,184.429993,180.300003,184.429993
183.279999,185.679993,182.350006,185.050003
183.449997,186.679993,183,185.520004
184.880005,194.410004,182.880005,192.330002
192.5,194.279999,191.259995,191.729996
190.539993,194.059998,190.259995,192.399994
192.009995,196.199997,191.800003,195.039993
196.479996,202.970001,195.5,202.869995
203.589996,209.850006,202.880005,205.440002
206.139999,207,200.309998,201.160004
201.279999,205.309998,200.630005,204.610001
205.020004,206.850006,201.869995,202.509995
198.020004,199.899994,197,198.050003
198.240005,202.389999,197.5,199.660004
196.949997,197.679993,192.360001,193.990005
193.550003,196.029999,193.550003,194.389999
192.020004,194.199997,190.5,191.869995
192.75,193.520004,186.570007,186.979996
189.630005,191.970001,186.789993,187.970001
188.059998,192.259995,185.610001,190.690002
189.899994,189.940002,186.259995,188.460007
189.009995,189.470001,183.649994,185.5
187.210007,190.039993,186.869995,188.389999
188.820007,193.449997,188.740005,191.070007
192.929993,194.550003,189.75,191.100006
192.339996,193.479996,189.800003,189.979996
188.990005,188.990005,185.509995,188.240005
188.679993,190.699997,186.509995,190.330002
191.669998,194.800003,191.600006,194.419998
193.570007,196.360001,193.020004,195.990005
224.830002,228.690002,220.220001,226.850006
223.949997,233.839996,223.050003,231.899994
229.399994,232.970001,228.399994,230.039993
227.820007,231.440002,227.399994,230.25
229.740005,232.529999,228.029999,229.449997
227.800003,229.720001,223.740005,223.990005
222.360001,226.869995,222.289993,225.160004
223.149994,225.389999,218.199997,223.899994
220.589996,225.779999,220.160004,222.979996
223.910004,229.080002,221.949997,226.690002
225.949997,230.679993,225.729996,227.679993
225.600006,227.289993,222.509995,222.929993
226.5,230.610001,223,224.389999
225,228,222.5,224.059998
225.050003,226,218.089996,218.360001
219.410004,219.630005,212.809998,213.850006
214.029999,219.979996,212.820007,218.110001
218.309998,218.869995,213.960007,215.330002
214.710007,217.550003,211.179993,217.279999
216.979996,217.660004,212.699997,215.240005
214.990005,215.979996,212.220001,212.889999
214.300003,216.550003,212.289993,214.75
212.139999,212.979996,207.75,209.229996
209.479996,213.789993,207.110001,212.910004
208.440002,211.229996,207.300003,208.220001
207.399994,215.350006,206.369995,214.570007
213.850006,216.860001,211.160004,213.210007
214.630005,218.399994,214.520004,217.639999
219.649994,221.490005,218.110001,218.800003
218.610001,219.419998,216.660004,218.479996
217.490005,220.869995,215.199997,216.5
217.649994,218,214.520004,216.419998
215.520004,217.380005,213.520004,214.729996
215.259995,216.5,212.559998,214.449997
215.289993,219.330002,214.460007,218.350006
217.279999,223.759995,216.729996,222.660004
223.259995,225.199997,221.660004,224.029999
224.509995,224.740005,220.839996,223.020004
223.839996,226.029999,220.520004,220.570007
221.830002,222.509995,219.350006,222.160004
220.300003,221.589996,218,220.070007
221.449997,226.389999,221.449997,225.610001
225.009995,227.5,223.300003,225.619995
223.919998,224.619995,218.75,221.309998
224.699997,228.350006,223.710007,228.350006
229.300003,229.339996,226.339996,229.320007
229.139999,229.529999,227.589996,229.529999
228.619995,230.5,226.529999,227.059998
226.350006,228.899994,224.179993,225.050003
225,226,223.449997,225.050003
226.25,227.139999,218.279999,219.5
218.949997,221.740005,215.339996,218.369995
216.610001,217.300003,212.610001,215.360001
215.630005,219.309998,213.880005,218.389999
216.600006,218.309998,214.460007,216.009995
217.449997,217.940002,213.960007,216.929993
216.149994,218.669998,215.710007,217.470001
220.729996,227.5,220.690002,226.169998
225.360001,229.389999,225.289993,228.289993
224.720001,226.580002,221.539993,226.009995
226.270004,226.610001,221.229996,223.039993
222,222.5,215.910004,217.050003
220,221.449997,214.949997,220.009995
225.25,238.339996,224.5,237.320007
237,240.740005,234.070007,236.089996
235.100006,236.300003,231.610001,233.300003
234.139999,234.380005,230.699997,232.089996
230.559998,234.339996,228.660004,230.809998
234.029999,236.490005,233.029999,234.970001
235.559998,235.740005,233.809998,233.990005
234.130005,238,233.25,236.559998
235.289993,236.449997,233.589996,234.380005
233.929993,235.990005,233.5,234.059998
233.080002,234.850006,231.429993,232.75
232.229996,234.369995,231,232.440002
234.710007,236.720001,232.619995,233.190002
232.259995,238.139999,232.25,237.419998
237.720001,242.820007,236.199997,241.550003
240.600006,243.350006,240.470001,241.169998
241.369995,241.649994,238.199997,240.350006
240.880005,243.850006,238.550003,239.449997
239.399994,244.899994,238.800003,243.100006
242.139999,243.479996,239.020004,241.199997
241.679993,246.869995,241.360001,245.740005
245.789993,247.5,243.119995,243.919998
243.970001,246.779999,243,246.110001
246.779999,247.610001,244.589996,247.119995
246.990005,250,245.25,246.220001
248.070007,249.449997,245.5,248.270004
248.270004,251,244.660004,247.880005
247.610001,248.610001,245.300003,246.220001
248.229996,252.699997,247.199997,251.380005
253.850006,259.420013,253.520004,259.140015
259,260,256.820007,257.089996
257.600006,257.600006,254.259995,255.669998
256.5,257.779999,253.5,255.630005
254.940002,262,253.800003,260.23999
261.399994,264.109985,259.769989,261.269989
261.25,261.25,257,258
258.480011,260.5,257,258.75
259.450012,262.839996,258.529999,261.679993
260.029999,260.869995,258,260.809998
261.73999,262,256.73999,257.470001
255.220001,255.600006,253,254.800003
256.329987,258.950012,251.029999,252.460007
252.399994,254.610001,248.229996,249.669998
250.539993,257.399994,250.520004,256.589996
256.140015,257,253.199997,254.320007
255.399994,256.160004,250.490005,252.009995
252.800003,253.149994,249.029999,250.600006
251.210007,256.100006,249.559998,255.919998
256.01001,261.519989,255.869995,260.470001
261.200012,261.899994,257.48999,258.51001
257.670013,259.799988,255.559998,259.059998
258.670013,259.350006,250.729996,250.960007
252,252.460007,244.009995,244.990005
248,249.300003,241.889999,244.220001
243.179993,245.460007,241.910004,242.360001
242.850006,244.779999,238.509995,244.179993
244.869995,245.770004,242.080002,243.940002
243.369995,248.800003,243.300003,247.490005
247.770004,250.910004,242.699997,244.850006
245.160004,246.820007,238.940002,240
238.809998,238.949997,232.320007,233.779999
231.050003,236.5,230.009995,234.309998
235.880005,235.940002,227.949997,228.490005
230.919998,230.919998,222.919998,222.919998
228.600006,238.710007,226.690002,238.240005
236.320007,238.699997,230.5,232.889999
234.229996,234.550003,231.339996,232.139999
234.009995,237.399994,232.110001,232.419998
232.039993,234.830002,230.110001,234.330002
235.410004,237.75,234.449997,237.559998
235.649994,235.660004,229.419998,232.059998
232.220001,233.449997,227.100006,227.350006
226.259995,230.970001,224.600006,226.309998
226.589996,229.220001,225.410004,226.470001
225.119995,227.899994,224.710007,226.600006
226.5,227.410004,222.509995,222.949997
222.300003,225.160004,218.179993,220.600006
221.309998,226.25,218.639999,225.229996
228.320007,232.5,227.449997,229.710007
230,233.820007,229.5,233.779999
233.839996,238.669998,232.75,238.029999
239.889999,240,236.479996,239.880005
240.389999,244.320007,238,243.619995
243.220001,245.669998,241.539993,243.399994
242.449997,247.229996,241.5,247.110001
248.050003,252.479996,247.5,251.270004
250.380005,252.649994,248.270004,252.050003
252.539993,254.160004,250,250.330002
249.940002,253,248.660004,252.490005
252.440002,255.550003,250.380005,253.960007
253,255.169998,251.509995,253.369995
254.139999,255.210007,252.009995,253.270004
253.100006,254.779999,247.300003,247.770004
248.5,253.479996,246.649994,250.690002
251.070007,254.360001,250.059998,251.759995
251.110001,254.539993,250.020004,251.25
250.110001,251.899994,247.789993,249.190002
249.809998,254,249.259995,253.860001
254.570007,263.109985,254.570007,260.399994
261.299988,261.670013,257.679993,257.98999
258.359985,262.410004,256.540009,261.5
257.820007,258.380005,255.740005,256.920013
257.299988,259.5,256.959991,258.619995
257.149994,257.420013,248.039993,248.630005
248.279999,249.350006,242.860001,248.309998
245.850006,247.440002,245.050003,245.179993
243.75,252.410004,242.75,250.869995
256.079987,258.100006,253.259995,257.309998
257.269989,260.880005,256.369995,258.480011
257.579987,259.799988,256.649994,259.149994
262.970001,269.730011,262.670013,268.459991
267.070007,268.980011,263.570007,266.380005
268.170013,269.5,265.399994,266.350006
268.540009,268.73999,262.299988,265.339996
265.100006,268.429993,264.109985,267.940002
268,274.26001,267.540009,272.730011
270.679993,272.730011,269.299988,271.899994
270.529999,271.23999,267.829987,268.929993
271.5,271.970001,269.209991,270.480011
270.829987,274.5,269.600006,272.119995
271.619995,272.100006,269.230011,270.190002
270.570007,271.089996,266.649994,268.109985
269.369995,276.649994,269.369995,273.459991
275,284.720001,274.399994,283.98999
283.779999,284.480011,274.399994,276.040009
275.350006,275.459991,258.350006,260.350006
283,284.200012,267.109985,272.76001
271.040009,275.940002,263.700012,265.5
268.929993,268.929993,262.799988,265
262.779999,264.679993,259.070007,259.980011
262,268.029999,261.459991,266.890015
265.160004,266.890015,261.109985,262.220001
264.100006,264.100006,255.110001,260.230011
261.399994,265.25,260.549988,261.950012
263.200012,263.25,256.600006,257.209991
259.190002,260.160004,257,258.700012
261.529999,269.959991,260.299988,269.470001
267.369995,270.649994,265.399994,269.23999
267.630005,268.920013,263.109985,265.089996
265.910004,270.109985,264.5,269.75
270.200012,274.299988,266.369995,266.410004
265.119995,269.480011,263.25,265.940002
266.619995,267.109985,261.609985,265.420013
266.940002,268.690002,259.649994,259.869995
260.890015,262.040009,255.729996,259.359985
259.399994,265.829987,256.859985,263.25
261.809998,267,260.630005,264.269989
263.269989,266.600006,261.040009,265.73999
265.359985,273.299988,264.140015,273.109985
274,276.679993,269.98999,275.589996
275.76001,276.48999,271.829987,273.790009
274.100006,274.799988,271.850006,273.880005
275,275.440002,271.5,274.190002
273.429993,273.98999,270.399994,271.23999
271,277.399994,270.359985,274.130005
275.23999,276.5,272.640015,275.100006
269.670013,270,263.529999,265.73999
264.980011,267.26001,260.049988,261.820007
259.299988,261.48999,257.119995,257.890015
258.399994,259.5,252.619995,256.410004
258.049988,259.76001,254.550003,257.279999
256.109985,257,252.679993,253.389999
254.550003,257.769989,252.070007,257.75
258.579987,259.429993,254.5,256.019989
257.049988,261.480011,256.279999,260.309998
258.75,265.929993,257.899994,265.299988
265.820007,267.380005,264.059998,266.48999
266.980011,267.399994,261.01001,261.609985
262.399994,265.890015,260.549988,263.320007
262.119995,263.670013,257.75,259.029999
259.230011,260.410004,256.119995,259.079987
255.720001,256.179993,253.669998,255.479996
255.919998,259.679993,255.630005,258.950012
258.850006,262.609985,257,261.140015
261.779999,265.980011,259.320007,264.769989
264.73999,270.970001,264.73999,269.850006
270.119995,273.269989,267.019989,272.869995
271.079987,275.119995,267.100006,267.720001
269.309998,272.799988,268.059998,272.339996
270.799988,270.850006,264.25,267.399994
266.809998,266.98999,256.600006,259.420013
258.160004,262.880005,257.5,260.320007
259.350006,264.600006,258.029999,263.549988
264.5,269.869995,264.5,268.899994
269.5,271.470001,266.809998,268.779999
271.529999,275.799988,270.5,274.700012
269.970001,272.019989,252.809998,254.809998
254.899994,257.01001,249.149994,249.740005
249.369995,254.679993,248.559998,253.809998
253.899994,254.199997,245.75,248.229996
248.940002,252.929993,245.779999,252.550003
256.140015,259.25,254.699997,258.049988
258.089996,259.5,253.419998,255.720001
256.309998,259.73999,252.910004,257.730011
256.869995,260.299988,255.330002,258.679993
258.730011,263.549988,256.880005,260.160004
260.880005,263.649994,260.209991,263.630005
262.769989,265.880005,262,264.51001
264.5,269.399994,264.029999,268.329987
267.070007,269.049988,264.559998,266.559998
265.959991,268.429993,263.850006,264.119995
265.829987,269.980011,265,269.899994
269,271.790009,266.5,267.630005
268.73999,270.769989,267.660004,268.859985
267.390015,267.589996,260.799988,262.959991
260.48999,263.170013,259.589996,261.799988
259.850006,261.929993,258.339996,261.73999
266.480011,271.100006,266,267.290009
265.459991,268.25,264.839996,265.529999
265.709991,268.570007,265.609985,266.829987
266,271.910004,265.940002,269.200012
268.959991,269.109985,262.950012,266.880005
267,268.880005,263.019989,265.700012
265.809998,271.660004,265.019989,267.170013
267.75,270.5,264.209991,267.829987
269.73999,280.100006,269.130005,276.869995
276.679993,282.470001,275.23999,281.070007
276,278.410004,274.23999,274.779999
276.600006,276.799988,270.450012,271.670013
271.5,276.799988,270.290009,275.790009
275,277.070007,273.440002,273.98999
276.350006,280.200012,275.649994,278.059998
279.079987,282.910004,278.109985,281.76001
281.26001,283.339996,277.869995,278.160004
275.140015,278.600006,272.390015,273.440002
274.570007,275.839996,269.790009,273.359985
271.290009,273.160004,265,270.609985
272.299988,273.470001,269,272.089996
273.980011,277.980011,273.5,277.570007
279.179993,280.200012,274.540009,277.549988
276.190002,279.829987,276.190002,277.690002
279,283.290009,277.160004,282.100006
281.040009,286.579987,280.589996,283.730011
282,285.399994,282,284.029999
285,286.380005,282.070007,285.880005
286.420013,291.670013,286.140015,290.589996
291,292.570007,288.01001,291.529999
291.410004,293.339996,289.399994,292.329987
294.98999,300.690002,292.100006,299.660004
298.690002,307.549988,298.5,307.549988
307.269989,307.98999,304.350006,306.570007
307.299988,309.390015,305.51001,306.869995
306.970001,308.799988,305.690002,308.690002
306.269989,306.339996,301.869995,304.109985
304.390015,305.790009,301.910004,305.230011
309.25,309.25,302,303.480011
303.160004,305.059998,300.559998,301.059998
303.019989,303.839996,298.040009,298.940002
299,304.5,296.75,303.399994
299.549988,313.619995,295.549988,312.01001
311.070007,313,305.899994,306.100006
307.720001,309.779999,301.570007,302.410004
303.910004,305.149994,301,301.220001
303.079987,306.209991,298.899994,305.570007
304.630005,305.329987,301.5,304.209991
303.399994,303.619995,298.299988,300.98999
300.51001,301.359985,297.519989,300.75
300.149994,300.98999,296.149994,296.910004
298.519989,298.519989,292.549988,295.73999
295.679993,299.269989,294.299988,297.26001
295.790009,299.079987,295.26001,296.690002
295.880005,296.369995,290.670013,293.970001
294.290009,294.290009,290.540009,291.339996
288.790009,289.299988,285.149994,286.470001
286.549988,288.329987,284.5,284.820007
285.190002,289.559998,283.480011,285.570007
285.880005,289.51001,285.73999,287.089996
285.089996,288.5,283.829987,284.570007
284.799988,289.869995,284.799988,289.730011
291.209991,291.5,287.899994,290.01001
290.429993,291.049988,285.619995,286.209991
283.869995,285.279999,279.73999,280.929993
280.359985,283,279.329987,281.579987
281.450012,285.980011,280,283.980011
284.589996,284.869995,280,280.980011
284.730011,291.390015,284.170013,288.799988
288.329987,295.230011,287.579987,293.640015
293.630005,297,292.709991,294.100006
295.329987,298.880005,290.799988,295.859985
297.220001,299.959991,296.600006,299.709991
300.549988,301,297.220001,300.359985
298.910004,301.859985,297.839996,299.640015
299.390015,302,297.660004,298.859985
300.140015,300.220001,296.200012,297.920013
299.820007,301,295.26001,296.059998
297.630005,304.649994,296.01001,304.170013
304.059998,312.73999,302.910004,312.029999
313.769989,314.540009,311.040009,312.059998
312.540009,320.570007,312.410004,316.339996
314.01001,315.899994,308.769989,311.48999
312.429993,318.079987,311.279999,314.130005
314.529999,316.709991,310.75,312.649994
313.899994,319.369995,313.26001,318.119995
316.920013,317.209991,313.350006,316.01001
313.410004,315.309998,311.059998,312.640015
314.220001,321,313.649994,320.950012
318.040009,321.730011,317.519989,320.51001
320.390015,322.920013,313.019989,314.76001
315.130005,319.200012,312.619995,319.040009
315.23999,315.339996,309.73999,310.029999
311.5,311.549988,300.269989,303.230011
303.420013,303.5,296.5,298.230011
304.630005,306.700012,302.589996,305.170013
304.769989,310.929993,303.839996,310.890015
309.220001,311.649994,307,310.700012
309.869995,310.790009,305.26001,306.399994
308.380005,310.799988,305.549988,310.48999
307.070007,311,305.23999,310.769989
319.359985,331.890015,316.75,328.929993
329.890015,330,323.799988,326.440002
327.720001,337.109985,325.679993,332.540009
330.839996,331.720001,324.059998,326.76001
329.630005,332.649994,326.75,332.209991
358.600006,368.399994,352.619995,363.390015
359.920013,362.75,357.200012,358.160004
358.959991,362.890015,356.290009,362.700012
362.619995,365,358.649994,361.079987
361.730011,366,359,364.029999
365.630005,365.769989,356.100006,359
360.119995,361,354.399994,358.73999
356.779999,360.170013,354.839996,358.890015
360.450012,362.869995,354.5,356.179993
355.859985,357.899994,341.880005,343.559998
345.950012,351.049988,344.040009,350.309998
350.589996,355.369995,348.059998,354.380005
352.98999,355.480011,347.279999,349.529999
347.399994,356.220001,345.679993,356.220001
357.390015,368.940002,356.429993,367.399994
367.630005,372.899994,365.549988,369.170013
370.279999,373.48999,364.670013,366.179993
365.820007,368.779999,362.5,364.940002
367.559998,367.559998,360.450012,362.570007
364.049988,369.25,363.299988,368.920013
370,374.5,366.309998,372.309998
373.820007,377.790009,373.179993,376.640015
377.609985,382.5,374.820007,381.369995
383.5,387,382.609985,386.709991
389.100006,394.100006,388.619995,393.619995
399,399,389.100006,392.299988
390.109985,390.950012,383.100006,384.660004
383.5,389.690002,381.48999,385.959991
386.649994,386.649994,381.369995,384.48999
388.350006,388.350006,383.829987,386.950012
388.109985,388.209991,382.570007,384.890015
383.73999,389.059998,383.019989,387.779999
387.339996,388.980011,382,382.190002
381.26001,385,379.5,381.25
385.320007,389.420013,383.799988,384.23999
385.029999,391.700012,385,388.970001
390.649994,391.359985,386.5,387.649994
389.230011,396.299988,383.100006,395.959991
394.269989,397.290009,392.600006,395.190002
396.549988,404.720001,395.779999,402.200012
403.690002,405,399.200012,402.920013
402.519989,403.720001,396.369995,399.200012
401.790009,404.519989,396.809998,404.390015
404.649994,405.630005,396.25,398.079987
399.410004,399.920013,392.450012,393.369995
394.579987,398.829987,393.799988,398.790009
398.799988,399.359985,394.019989,397.970001
398.290009,402.709991,396.220001,396.440002
395.850006,397,388.420013,393.630005
395.040009,398.470001,394.290009,398.029999
398.470001,403,396.040009,401.920013
403.709991,406.890015,398.440002,401.01001
402.529999,403.76001,393.799988,397.660004
397.980011,399.779999,388.450012,390.980011
392.130005,398.630005,391.290009,397.540009
398.940002,399.309998,392.529999,395.869995
393.679993,399.290009,389.410004,395.799988
394.26001,403.48999,393.660004,399.609985
403,407.799988,401.600006,407.049988
408,408.059998,402,404.540009
401,406.170013,397.790009,399.869995
398.160004,400.200012,387.269989,387.600006
390.5,394.100006,380.48999,386.279999
387.399994,394.73999,387.119995,394.429993
392.160004,392.850006,383.23999,384.200012
393.769989,406.25,387.700012,403.01001
371.76001,375.450012,357.76001,358.690002
358.980011,360.850006,340.100006,346.149994
349.589996,354,344.019989,347.950012
346,349.369995,337.730011,346.450012
347.399994,354.820007,347.399994,354.589996
358.980011,361.799988,352.48999,361.079987
361.609985,365,359.350006,360.869995
361.839996,363.609985,356.25,361.790009
356.429993,357.75,346.320007,349.25
347.700012,357.200012,346.5,357.200012
359.339996,359.339996,353.350006,357.350006
355.279999,355.730011,349.450012,353.649994
352.640015,354.540009,346.100006,347.380005
348.799988,350.459991,344.380005,349.799988
352.440002,354.140015,346.75,346.76001
345.190002,353,343.290009,351.779999
353,361.079987,351.579987,358.320007
359.859985,364.75,357.170013,359.799988
357.220001,360.589996,355.5,360.130005
360.600006,365.869995,357.079987,362.100006
358.73999,360.959991,354.480011,359.779999
363.899994,365.679993,362.459991,363.899994
364.130005,372.730011,363.899994,372.369995
374.049988,375.329987,368.899994,372.160004
374.579987,374.98999,369.529999,372.059998
372.690002,372.730011,367,370.529999
370.98999,372.799988,367.279999,368.820007
366.399994,371.160004,363.609985,370.640015
376.619995,383.109985,368.079987,371.51001
372.799988,378.570007,371.549988,373.73999
375.720001,378.850006,374.880005,375.040009
377.320007,379,375,378.769989
378.769989,379,369.420013,373.230011
370.640015,373,366.220001,368.970001
371,372.839996,358.399994,360.619995
360.089996,361.5,348.600006,351.850006
354.029999,358.970001,348.839996,354.709991
357.130005,357.600006,343.399994,343.410004
343.149994,344,330.880005,338.470001
340.049988,347,336.079987,338.290009
342.399994,346.290009,334.059998,336.369995
338.089996,344.429993,338,342.98999
345.98999,348.299988,340.380005,341.959991
341.820007,342.5,328.459991,333.619995
335.149994,335.440002,315.609985,323
320.98999,324.940002,313.130005,317.76001
321.880005,328,318.440002,327.070007
328.470001,332.179993,322.5,331.809998
330.600006,331,316.5,317.109985
314,316.5,309.5,311.730011
317.670013,320.480011,311.279999,315.910004
316.700012,318.279999,305.5,316.079987
321.170013,324,314.709991,323.679993
319.76001,328.660004,319.76001,324.910004
323.970001,331.149994,322.309998,330.869995
332,337.5,328.940002,329.320007
333.059998,333.130005,323.390015,324.579987
329.670013,337.399994,322.950012,337.149994
316.25,316.48999,302.709991,303.829987
304,304.390015,288,296.579987
296.440002,301.839996,290.450012,300.380005
298.100006,304.559998,298.100006,304.130005
304.130005,310.480011,304,307.890015
310.420013,313.290009,304.309998,308.01001
306.369995,310.230011,305,310.049988
309.529999,309.809998,297.040009,297.380005
295.559998,296.399994,286.679993,292.709991
290.820007,295.880005,287.230011,288.320007
290.570007,293.679993,284.380005,292.23999
294.299988,303.339996,294.160004,302.859985
302.600006,305.600006,300.75,304.640015
302.5,304.640015,296.660004,297.619995
298.019989,299.200012,290.380005,295.190002
292.799988,298.880005,291.549988,297.700012
295.76001,299,293.809998,296.76001
297.100006,304.459991,296.75,301.190002
302.209991,305.959991,301.519989,305.01001
305.049988,308.540009,303.01001,304.910004
305.459991,312.350006,304.899994,312.23999
314.410004,314.630005,307.380005,310.820007
309.5,313.820007,307.420013,310.160004
310.420013,314.869995,310.200012,313.779999
314.429993,314.649994,307.570007,312.549988
312.589996,312.600006,307,308.839996
305.75,307.920013,305.070007,307.190002
306.850006,309.5,303.839996,306.779999
308.100006,327.940002,306.899994,323.570007
325,330.880005,324.929993,329.670013
331.570007,333,325.649994,327.5
327.649994,335.5,327.5,332.410004
336,340.720001,333.880005,335.200012
335.549988,335.549988,324.660004,325.910004
327.049988,329.299988,323.529999,326.269989
324.859985,328.690002,323.519989,327.619995
327.540009,331.339996,325.230011,325.619995
328,335.75,325,334.380005
335.26001,338.899994,325.980011,327
327.76001,328.220001,320.420013,324.200012
323.329987,327.549988,321.410004,327.23999
327.540009,329.730011,322.73999,324.160004
324.329987,328.149994,321.73999,327.440002
328.48999,328.649994,322.130005,325.690002
325.880005,326.519989,323.269989,324.570007
324.980011,326.980011,322.23999,324.779999
325.859985,333.200012,325.100006,332.390015
333.200012,336.76001,331.660004,332.850006
334.829987,338.299988,333.079987,337.48999
337.5,337.549988,332.519989,333.549988
333.100006,333.73999,321.399994,323.809998
324.709991,330.200012,323.149994,329.970001
324.339996,329.980011,322.649994,327.920013
334.709991,347,334.709991,346.200012
347.029999,355.769989,345.359985,355.320007
353.720001,355.589996,349.399994,354.440002
355.619995,359.320007,353,355.899994
353.440002,356.959991,351.380005,352.450012
354.399994,359.679993,352.079987,358.660004
358.100006,361.709991,356.720001,359.76001
355.25,362.929993,355.25,360.839996
359.049988,360.630005,356.619995,358.140015
359.980011,364.850006,358.519989,358.609985
317.299988,324.869995,314.76001,324.01001
324.25,324.820007,316.5,320.410004
321.980011,322.899994,319.5,320
321.450012,322.730011,318.5,322.51001
320.01001,320.679993,311.859985,312.98999
313.690002,315.829987,304.589996,307.059998
308.839996,316.179993,308.5,313.649994
313.299988,314.549988,310.059998,312.320007
310.829987,315.779999,310.200012,313.890015
315.209991,315.880005,309.649994,311.450012
311.940002,317.320007,310.660004,316.799988
318.480011,320.380005,316.880005,318.329987
318.890015,321.309998,316.950012,319.320007
327.600006,331.720001,326.140015,326.279999
327.799988,334.089996,326.709991,333.209991
334,335,328.320007,333.630005
335.480011,337.799988,333.769989,334.529999
334.869995,335.809998,333.01001,335.130005
334.679993,337.160004,334.019989,335.779999
336.480011,336.579987,332.230011,332.910004
332.98999,334.079987,330.799988,331.589996
333.209991,336.769989,332.709991,334.019989
337,344.359985,334.549988,341.829987
342.089996,346.670013,341.339996,343.179993
340,341.790009,338.799988,340.019989
341.76001,341.820007,337.679993,339.040009
339.980011,342.5,337.160004,342.380005
342.540009,343.269989,337.549988,339
343.690002,349.380005,343.579987,345.950012
346.299988,346.829987,342.5,346.380005
344.540009,345.809998,339.040009,342.339996
341.609985,341.76001,329.179993,329.75
334.299988,334.980011,328.820007,331.329987
329.940002,333.01001,326.390015,330.519989
329.559998,332.890015,328.790009,331.190002
330.910004,331.329987,319,323.890015
321.070007,329.480011,320.100006,327.76001
327.76001,328,321.519989,324
325.440002,327.100006,323.709991,325
327.600006,332.76001,325.570007,331.320007
328.48999,329.48999,321.059998,324.5
322.459991,327.600006,321.25,323.630005
324.170013,329.440002,319.559998,328.209991
327.98999,328.540009,321.399994,321.929993
320.600006,323.5,317.640015,323.209991
320.5,323.75,319,321.820007
321.359985,323.429993,318.51001,322.440002
322.040009,322.170013,315.549988,317.459991
316.920013,318.529999,311.309998,318.410004
320.359985,325.160004,319.529999,322.73999
323.5,324.130005,319.600006,322.200012
319.429993,322,316.670013,316.980011
316.579987,324.109985,314.140015,322.700012
321.48999,322.269989,314.519989,315.369995
314.019989,317.769989,311.380005,311.390015
309.869995,313.200012,303.470001,306.450012
308,312.23999,305.75,308.309998
304.350006,307.899994,299.100006,305.970001
293.829987,306.820007,293.829987,302.859985
307.149994,309.200012,302.720001,303.640015
302.950012,306.529999,302.019989,306.209991
309.899994,315.640015,307.070007,315.329987
315.429993,318.980011,312.640015,312.970001
313.399994,316.799988,311.399994,313.179993
284.399994,293.809998,284,287.059998
285.700012,290.420013,285.019989,289.970001
289.76001,298,289.76001,295.589996
299.109985,299.609985,293.070007,294.119995
293.980011,299.73999,292.359985,299.070007
305.149994,305.720001,301.5,305.459991
306.23999,308.01001,303.23999,305.720001
303.98999,304.25,300.170013,302.809998
303.01001,304,294.160004,296.519989
296.690002,297,292.290009,296.640015
297.820007,299.98999,296.290009,299.859985
300,305.799988,300,305.109985
305.940002,312.380005,303.649994,312.01001
310.75,312.579987,308.790009,311.51001
312,317.890015,311.51001,316.480011
317.119995,332.880005,316.399994,327.820007
326.440002,328,318.029999,323.049988
323.98999,329.559998,323.25,324.929993
327.25,328.399994,324.019989,326.540009
324,332.670013,323.329987,330.540009
335.420013,338.329987,331.470001,332.630005
334.779999,337.390015,333.600006,335.640015
335.269989,336.329987,331.279999,335.040009
333.779999,334.649994,331.75,333.570007
336.029999,341.26001,336.029999,338.640015
338.119995,340.640015,325.929993,326
327.5,327.929993,323.25,326.309998
325.730011,326.769989,314.359985,316.5
315.529999,318.589996,313.470001,316.929993
316.799988,316.929993,310.839996,312.630005
311.570007,316.559998,304.820007,306.640015
302.98999,313.640015,301.140015,312.5
312,313.190002,304.679993,305.839996
307.890015,312.640015,306.01001,307.359985
303.98999,310.640015,303.01001,307.320007
308.869995,310.859985,302.149994,306.070007
304.350006,304.48999,295.01001,295.059998
296.369995,299.670013,293.029999,298.880005
304.01001,304.5,293.25,297.730011
296.910004,301.540009,295.519989,299.899994
301.940002,307.359985,301.940002,306.540009
306.980011,307.48999,303.25,306.290009
306.380005,307,302.880005,303.029999
305,310.779999,303.809998,309.089996
307.850006,314.269989,306.579987,312.040009
309.910004,313.940002,309.339996,310.299988
311.549988,312.980011,310.01001,310.350006
312.579987,314.75,306.959991,308.519989
307.01001,308.380005,300.850006,302.190002
302.23999,303,292.380005,295.290009
297.5,301.279999,295.329987,298.420013
300.320007,303.140015,296.109985,300.459991
301.480011,302.869995,296.679993,296.929993
297.559998,298.51001,289.279999,291.410004
297.480011,301.5,293.230011,294.73999
291.929993,295.910004,286.5,293.269989
294,296,286.820007,286.950012
286.279999,290.790009,285.25,290.73999
292.589996,293.359985,286.390015,289.440002
289.640015,306,287.26001,297.25
300,312.25,300,310.320007
308.079987,316.929993,307.720001,312.390015
311.820007,313,307.519989,309.660004
306.299988,310.23999,302.630005,306.75
309.809998,311.51001,303.799988,303.910004
304.730011,312.799988,299.329987,311.779999
346.320007,359.5,340.73999,354.529999
350.049988,365,350.01001,364.470001
360.290009,367.820007,360.209991,363.549988
358.380005,367.5,358.230011,364.75
366,378.799988,365.899994,373.890015
374.869995,375.98999,371.01001,374.279999
371,374.410004,367.200012,370.559998
371.190002,374.299988,368.51001,373
371.230011,377.100006,371.100006,375.140015
375.100006,378.51001,373.149994,377.170013
378.410004,383,377.01001,381.829987
377.720001,379.98999,372.670013,375.429993
373.779999,376.73999,372.850006,373.369995
373.48999,381.880005,373.429993,379
378.619995,383.700012,375.839996,383.660004
383.440002,384.540009,378,380.140015
378.649994,380.480011,376.160004,378.589996
377.269989,387.850006,376.540009,385.369995
384.070007,389.369995,383.279999,384.799988
384,385.98999,379.790009,380.160004
380.850006,385.899994,379.480011,385.660004
383.950012,386.100006,381.600006,384.609985
385.709991,387.899994,382.190002,382.720001
385.609985,388.420013,383.890015,387.829987
385.519989,387,378.880005,380.089996
378.399994,379.329987,375.279999,378.559998
377.450012,377.769989,369.179993,369.51001
370.609985,373.350006,366.26001,366.369995
368.820007,375.5,367.519989,374.23999
371.519989,373.98999,366.679993,370.579987
370.380005,373.940002,366.720001,373.350006
371.109985,374.5,369.640015,371.920013
369.970001,375.98999,366.700012,375.140015
373.869995,377.109985,372.190002,373.23999
376.290009,379.369995,375.920013,378.48999
378.070007,381.769989,374.940002,375.109985
373.98999,375.23999,372.269989,374.089996
375.170013,380.5,370.290009,370.959991
369.589996,371.399994,365.649994,367.350006
367.109985,373.170013,366.570007,370.559998
371.869995,376.119995,371.549988,374.589996
373.23999,377.700012,371.51001,372.100006
372.100006,373.160004,368.339996,370.26001
370.5,373.279999,369,372.25
370.100006,380.200012,369.359985,377.040009
376.149994,379.309998,374.029999,374.410004
374.660004,381.579987,374.649994,381.200012
380.660004,384.420013,378.799988,383.540009
384.309998,387.119995,381.320007,382.649994
383.529999,385.279999,380.140015,382.359985
383.51001,387.809998,381.209991,385.109985
384.649994,385.779999,381.640015,383.450012
383.690002,387.450012,383.549988,386.040009
382.630005,383.559998,374.399994,375.559998
378.549988,391.940002,377,389.51001
391.309998,394.600006,386.799988,391.179993
391.910004,394.279999,388,389.799988
390.209991,391.880005,386.149994,389.98999
439,452.649994,439,445.100006
443.859985,446.98999,437.410004,438.559998
438.51001,439,428.040009,429.309998
426.75,434.23999,426.029999,429.369995
427.109985,431.75,419.23999,421.779999
423.820007,425.640015,416,422.869995
424.799988,429.769989,422.420013,423.040009
422.850006,427.51001,421.019989,421.190002
421.429993,422.720001,414.549988,419.100006
424.149994,428.5,422.850006,426.880005
430.75,435.200012,430.170013,433.690002
432.51001,439,431.369995,432.850006
431.079987,433.25,426.709991,431.019989
429.980011,433.529999,425.799988,426.869995
429.450012,433,427.01001,432.279999
428,430.399994,424.299988,426
426,427.269989,421.459991,425.23999
424.869995,428.23999,420.630005,421.709991
420.600006,427.100006,418.359985,423.859985
428,436.899994,428,431.630005
431.549988,432.440002,427.609985,427.630005
426.200012,427,422,425.470001
427.450012,431.850006,425.01001,431.420013
429.709991,431.350006,425.470001,426.570007
427.230011,432.5,427.230011,429.230011
430.399994,433.160004,426.200012,430.920013
430.070007,433.230011,426.25,430.98999
434.399994,438.390015,432.75,436.589996
434.399994,436.76001,429.26001,430.779999
429.660004,430.799988,426.5,426.950012
425.619995,426.799988,421.429993,423.5
422.959991,427.48999,419.140015,425.480011
426.459991,432.200012,425.660004,430.769989
432.290009,438.890015,431.470001,432.970001
431.25,432.359985,428.26001,429.920013
427.660004,428.049988,422.640015,423.670013
424.149994,427.970001,422.670013,427.26001
428.359985,431.350006,424.75,427.809998
430.299988,439.730011,429.410004,439.390015
440.26001,444.98999,433.23999,434.920013
437,439.23999,434.179993,436.290009
435.589996,447.040009,433.690002,445.98999
444.970001,446.470001,440.230011,440.839996
438.070007,443.470001,436.390015,440.100006
441.76001,443.48999,435.059998,438.100006
434.980011,437,429,429.859985
434.200012,435.570007,430.459991,434.089996
439.350006,440,435.579987,437.390015
437,438.200012,433.480011,437.709991
435.230011,439.730011,433.519989,436.040009
435.679993,437.730011,425.570007,436.720001
434.350006,435.98999,428.829987,429.700012
434.899994,438.720001,434.149994,434.390015
440.48999,444.720001,439,443.51001
448.290009,457.869995,447.540009,455.570007
462.320007,469.600006,458.160004,465.570007
463.040009,464.700012,460.200012,461.190002
465.5,475.880005,464.799988,475.480011
477.700012,485.420013,477.25,483.01001
492.570007,493.200012,485.399994,488.100006
487.899994,488.880005,482.549988,488
485.98999,492.5,484.899994,488.269989
491.660004,491.660004,475.700012,482.179993
578.98999,580.570007,529.349976,529.419983
527.75,544.950012,526.599976,531.409973
536,536.390015,523.119995,526.030029
530.919983,532.969971,525.02002,529
527.650024,539.200012,524.289978,536.76001
539.090027,542.840027,534.52002,536.150024
537.450012,540.440002,529.359985,535.030029
529.690002,536.950012,529.159973,531.900024
538.799988,539.140015,534.119995,537.01001
539.299988,542.73999,527.52002,529.460022
529.159973,529.460022,518.210022,522.619995
528.52002,532.280029,523,524
523.650024,528.97998,522,527.460022
523.75,527.5,513.059998,525.909973
527.369995,534.659973,525.48999,529.659973
528.25,534.109985,528.25,531.52002
531.289978,538.73999,527.119995,535.219971
535.039978,539.48999,533,535.02002
533.73999,537.25,529,532.919983
530.390015,533.25,515.77002,515.780029
507.359985,512.330017,494.470001,494.470001
463.579987,476.579987,451,463.369995
487.48999,489.440002,466.25,466.369995
484.019989,503.720001,478.76001,500.769989
513.710022,522.690002,507.26001,518.369995
517.5,521.5,513.039978,518.01001
516.440002,519.409973,509.070007,512.890015
499.140015,510,493.429993,496.540009
505.089996,510.859985,497.720001,510.549988
514.5,515.840027,502.570007,504.720001
497.649994,502.850006,495.640015,499
508.690002,518.349976,508.51001,517.539978
524,529.950012,515.059998,516.890015
515.150024,526.130005,514.780029,522.23999
521.070007,529.440002,520.609985,529.440002
529.440002,532.450012,518.580017,521.380005
523.25,527.919983,517.200012,522.369995
521.97998,528.299988,518.52002,527.390015
526.97998,546.969971,526.570007,538.869995
534.619995,546.23999,531.349976,540.26001
544.330017,549.780029,539.590027,548.390015
539.710022,543.549988,532.659973,538.400024
538.299988,541.210022,534,536.070007
530.549988,534.559998,522.869995,533.75
542.570007,542.799988,521.400024,524.25
520.02002,520.280029,494.329987,504.059998
506,511.480011,490.5,496.070007
505.440002,512.799988,501.670013,511.890015
511,520.799988,506,520.719971
512.98999,532.599976,508.100006,532.539978
536.98999,545.909973,536,543.679993
545.5,551.5,533.330017,537.47998
541.789978,542,529,541.940002
536.710022,539.390015,519.890015,533.159973
534.47998,541.789978,530.27002,539.799988
539.960022,550.820007,539.799988,550.190002
546.26001,553.200012,543.099976,548.900024
551.340027,552.25,539.679993,544.830017
547.75,563,547,562.440002
565.27002,570.940002,560.309998,570.76001
570.76001,579,567.380005,573.150024
572,573,555.280029,560.880005
563.869995,565.25,552.52002,555.77002
562.700012,569.150024,556.669983,563.909973
617.679993,619.450012,595.359985,599.030029
602.299988,609.849976,596.289978,608.609985
608.599976,614.710022,605.530029,611.01001
612.299988,617.22998,609.5,617.099976
617.700012,627.539978,615.390015,626.549988
626.01001,630.719971,625.280029,625.900024
627.130005,628.630005,620.409973,628.349976
629.530029,629.890015,622,625.309998
627.76001,645.929993,627.349976,640.950012
647.099976,657,643.090027,655.650024
655,662.26001,652,659.369995
658.650024,661.960022,647.849976,655.48999
651.01001,660,647.26001,659.679993
663.25,675.960022,663.25,673.25
673,675.640015,664.219971,665.599976
663.570007,667,640.450012,642.349976
640.919983,649.98999,622.289978,647.809998
650.650024,653.25,641,643.299988
646.51001,664.880005,646.369995,663.539978
664.98999,672.859985,659,661.27002
667.940002,668.869995,657.570007,668.450012
671.5,682.77002,670.119995,678.98999
674.140015,675.799988,661.210022,671.150024
675,679.700012,671.23999,675.340027
680.799988,680.98999,672.099976,673.26001
675.900024,681.289978,664.599976,664.799988
673.75,681,667.859985,679.059998
681,684.820007,674.25,676.01001
679.440002,682.789978,661.47998,666.25
666,674.780029,661.400024,672.640015
674.73999,675.460022,660.5,669.830017
663.130005,679.98999,659.789978,677.330017
678,679,655.679993,664.789978
665.590027,668.530029,659.559998,662.320007
651.22998,657.880005,639.619995,640.150024
641.75,658.590027,635.27002,657.909973
665.030029,671.5,657.349976,658.640015
663.559998,677.349976,659.320007,675.77002
680,682.5,670.650024,670.650024
668.650024,676.840027,664.130005,664.140015
668.5,669.900024,658.929993,664.51001
666.830017,668.48999,659.26001,663.150024
666.5,666.599976,656.630005,663.700012
663.349976,664.679993,660.599976,662.789978
665.559998,675.5,665.5,675.200012
677.97998,696.440002,677.890015,693.969971
691.890015,695.48999,686.380005,689.070007
686.080017,687.75,675.890015,675.890015
656.289978,657.719971,627.51001,636.98999
646.859985,646.909973,627.650024,633.789978
622,639.789978,620.309998,632.650024
621.799988,630,605.210022,607.940002
619.659973,624.140015,606,607.049988
612.47998,619.849976,598.570007,617.73999
625.25,625.98999,612.23999,617.890015
620.880005,620.880005,579.159973,581.809998
580.25,602.25,569.880005,593
572.23999,584.619995,565.299988,570.179993
577.090027,584,566.450012,574.47998
564.359985,578.450012,547.179993,571.77002
573.580017,588.809998,568.219971,575.02002
588.72998,600.099976,584.109985,596.380005
597.98999,608.5,594.559998,596.530029
603.450012,604.5,590.380005,601.25
601.98999,603.390015,578.780029,583.349976
608.369995,638.059998,597.549988,635.349976
571.97998,593,570,587
578.150024,581.799988,570.309998,574.809998
570,571.559998,550.090027,552.099976
553.5,556,521.900024,531.070007
525,538.98999,519.219971,536.26001
529.280029,529.450012,499.190002,502.130005
486.470001,493.5,475.209991,488.100006
478.01001,498.380005,474,482.070007
491.76001,504.660004,486,490.480011
491.170013,509.299988,484,503.820007
510.700012,516.75,501.48999,507.079987
519.47998,524.450012,511.660004,521.099976
528.73999,537.47998,519.390015,534.099976
541.190002,541.200012,523.72998,525
520.710022,535.950012,515.349976,534.900024
542.200012,560.650024,541.080017,559.5
555.549988,556.909973,545.330017,552.940002
545.75,554.27002,533.150024,554.039978
555.52002,559.390015,545.289978,555.150024
560.119995,562.5,553.169983,555.22998
554,564.809998,552.51001,552.52002
556.289978,579.25,556,579.039978
581.75,585,573.700012,580.210022
577.960022,579.869995,573.109985,577.48999
581.070007,581.400024,571.070007,575.140015
573.539978,573.630005,555.549988,562.799988
557.869995,571.349976,554.73999,560.26001
559.559998,560.349976,550.130005,559.469971
566.73999,567,547.900024,558.929993
566.950012,570.059998,562.72998,569.609985
567,576.890015,563.049988,573.369995
571,581.52002,567,577.02002
576.640015,581.320007,571.140015,574.27002
569.51001,571.400024,555.01001,559.440002
560.940002,562.330017,546.090027,552.080017
548.909973,555.23999,538.580017,553.97998
545.109985,562.76001,545.049988,560.47998
561,572.47998,558.099976,569.630005
567.109985,583.549988,567.080017,582.950012
584.400024,584.75,575.559998,579.869995
580.150024,595.849976,576.5,593.859985
596.710022,603.23999,595,598.690002
599.280029,600.75,592.210022,593.640015
590.48999,599.030029,588.299988,598.5
599,599.5,590.549988,593.190002
590.77002,593.469971,585.25,586.140015
587.52002,602.390015,587.5,602.080017
598.76001,599.599976,589.080017,591.429993
594.320007,597.859985,589,594.599976
596.140015,604,594.909973,595.929993
598.400024,604.059998,592.309998,603.169983
607.679993,616.809998,605.289978,614.820007
615.070007,624.380005,615.070007,620.75
621.919983,626.77002,618.109985,625.890015
625.349976,637.640015,624.960022,635.349976
637.140015,638.01001,620.799988,627.900024
630,636.549988,623,632.98999
631,637.820007,628.5,631
624.469971,628.25,611.559998,620.5
616.609985,626.97998,616.25,626.200012
626.169983,626.75,614.880005,616.880005
611.799988,615.950012,601.280029,606.570007
615.539978,626.799988,599.200012,602
666,669.97998,654,659.590027
663.919983,685.5,662.030029,683.849976
677.359985,680.299988,670.429993,671.320007
662.590027,674,662.140015,670.900024
673.309998,676.48999,656,659.090027
656.049988,676.950012,656.01001,673.950012
673.950012,686.97998,671.409973,679.75
694,704.549988,693.5,703.070007
705.789978,719,701.650024,713.22998
717.380005,722.450012,711.51001,717.929993
714.640015,719.25,706.51001,709.919983
710.130005,713.25,700.280029,710.659973
709.900024,714.469971,693.909973,695.27002
689.559998,702.539978,688.76001,697.450012
691.880005,699.400024,689.559998,698.52002
701.049988,707.23999,700,702.799988
704.25,706,696.419983,696.75
698.01001,707.5,698,704.200012
708,710.859985,705.52002,708.349976
708.330017,715,707.289978,714.909973
715,716.599976,711.099976,712.23999
712.330017,724.22998,711.320007,722.789978
720.900024,726.429993,718.219971,719.440002
720.969971,728.280029,715.5,728.23999
726.73999,727,718.429993,725.539978
726.5,731.5,724.419983,726.72998
729.890015,730,720.549988,723.73999
726.400024,729.419983,721.599976,726.640015
723.099976,728.909973,722.299988,727.650024
722.349976,724.97998,714.210022,717.909973
714.01001,721.98999,711.159973,715.23999
712.330017,720.809998,712.27002,719.299988
722,722.559998,713.349976,714.26001
712.049988,718,705.299988,717.51001
718.190002,718.200012,699.179993,706.390015
713.5,721.309998,710.809998,714.01001
715.719971,718.400024,712.719971,715.820007
716.580017,717,707.570007,710.599976
715.5,722.119995,712.5,722.080017
693,712.530029,692.200012,698.960022
692.01001,696.820007,682.119995,691.359985
700,708,698.169983,707.950012
715.75,719.5,713.539978,715.599976
717.200012,719.369995,712.539978,715.619995
717.320007,728,716.539978,725.679993
722.799988,729.559998,719.609985,728.099976
725.710022,737.77002,722.580017,737.609985
739.330017,739.549988,731.630005,736.570007
740.140015,746.099976,738,745.809998
750,755.900024,747,753.780029
756.859985,757.340027,740.330017,748.210022
746.76001,756.869995,741.25,742.630005
748.859985,749.039978,739.02002,741.200012
746.549988,746.549988,734.049988,735.440002
735.48999,741.599976,728.719971,736.070007
732.5,743.330017,732.309998,739.950012
744,746.25,740.700012,745.719971
747.5,749.359985,742.789978,744.429993
747.789978,751.280029,743.530029,744.859985
746.549988,748.5,735.349976,739.609985
742.710022,743.130005,732.75,735.590027
737.969971,740.940002,733.859985,736.669983
745.97998,753.359985,739.700012,752.609985
765,766,755,758.809998
759.869995,770.5,757.059998,767.73999
763.809998,765.01001,757.02002,760.580017
757.059998,758.890015,752.25,754.640015
753.700012,765,750.349976,760.77002
764.809998,768.469971,763.090027,765.97998
766.809998,767,761.02002,766.559998
767.390015,772.599976,766.900024,768.309998
769.799988,772.099976,766.190002,768.559998
769.940002,773.75,769.119995,771.23999
768.460022,773.150024,768.419983,772.559998
771.900024,772.039978,767.710022,768.48999
768.619995,768.72998,763.820007,764.039978
764.409973,765.219971,759.200012,764.630005
764,765.169983,760.599976,764.460022
761.900024,762.48999,756.890015,757.309998
757.5,759.849976,752.099976,759.47998
763.309998,764.700012,761,762.450012
763,763.409973,755.359985,757.25
756,760.559998,754.73999,759.219971
760.049988,770,759.799988,769
768.719971,774.97998,768.599976,771.289978
771.049988,771.840027,765.559998,767.580017
766.599976,769.640015,764,769.159973
770.900024,772.039978,766.75,770.619995
774.109985,776,771.700012,772.440002
774.039978,789.47998,770.219971,788.869995
789.530029,790.789978,784.330017,784.47998
783.890015,786.5,781.440002,784.059998
779.359985,781,760.109985,760.140015
757.349976,772.659973,756,771.48999
768.77002,769.890015,759.049988,761.01001
762.200012,767.5,758.849976,761.090027
762,770.869995,757.580017,769.690002
773.280029,780.460022,771.659973,778.52002
779.969971,781.940002,771,775.099976
776,781.369995,776,780.219971
783.25,790.690002,779.01001,789.73999
794.27002,805.890015,794.27002,804.700012
803.130005,807.75,802.119995,805.75
801.799988,805.929993,797.150024,799.159973
801.849976,816.640015,801.109985,816.109985
818,830.140015,817.030029,828.719971
828.26001,837.5,824.630005,829.049988
832.609985,839.950012,832.400024,837.309998
836,839.859985,831.25,836.73999
840.909973,842.369995,830.26001,834.030029
838,845.669983,836.119995,844.359985
843.700012,847.210022,840.599976,841.659973
845.789978,845.950012,837.450012,839.429993
843.25,845.200012,840.27002,841.710022
841.02002,841.289978,828.349976,831
834,837.669983,830.099976,834.090027
829,831.799988,821.210022,829.280029
835.080017,835.73999,822.960022,822.960022
821.5,822,811.679993,812.950012
822.109985,823.26001,815.02002,817.650024
820.400024,820.669983,815.169983,817.690002
813.98999,815.710022,803.099976,810.320007
809.359985,819.419983,809,818.98999
824.950012,838.299988,822.210022,838.090027
839.299988,843.090027,833.219971,835.179993
832.76001,833.440002,820,822.590027
831.23999,831.719971,815.429993,818.359985
782,789.48999,774.609985,776.320007
781.030029,793.700012,780.109985,789.820007
799,800.840027,776.710022,785.409973
783.929993,784.75,763.549988,765.559998
765.049988,777,764,767.030029
762.789978,766,753.22998,755.049988
771.640015,787.72998,770.940002,784.929993
784.969971,791.73999,779.099976,787.75
764,777.5,760.090027,771.880005
778.809998,778.830017,717.700012,742.380005
735.72998,743.26001,728.900024,739.01001
745.51001,746,710.099976,719.070007
730,746.780029,725.98999,743.23999
739.880005,749.869995,735.609985,746.48999
749.320007,757.5,748,756.400024
761,767.73999,757.640015,760.159973
766,780.349976,765.109985,780
788.169983,792.400024,781,785.330017
781.72998,781.75,773.119995,780.119995
786.5,786.75,777.900024,780.369995
776.98999,777,764.23999,766.77002
768,769.890015,761.320007,762.52002
762,768.090027,750.25,750.570007
752.409973,753.369995,738.030029,743.650024
743.400024,748.48999,736.700012,740.340027
745,761.48999,742,759.359985
763.98999,768.23999,757.25,764.719971
764.549988,770.419983,755.820007,770.419983
771.869995,773.789978,765.190002,767.330017
770,770.25,765.340027,768.659973
766.400024,766.890015,757.200012,760.119995
764.960022,782.460022,762,774.340027
778.25,780.859985,762.809998,768.820007
766.280029,769.099976,760.309998,761
765,765.130005,754,757.77002
758.890015,770.5,756.159973,766
768.650024,774.390015,767.710022,771.219971
770,771.219971,765.700012,770.599976
768.119995,771.210022,763.02002,766.340027
764.549988,766.5,757.98999,760.590027
763.400024,774.650024,761.200012,771.400024
776.25,780,770.5,772.130005
772.400024,773.400024,760.849976,765.150024
766.469971,767.400024,748.280029,749.869995
757.919983,758.76001,747.700012,753.669983
758.390015,759.679993,754.200012,757.179993
761.549988,782.400024,760.26001,780.450012
782.359985,799.440002,778.47998,795.98999
798,801.77002,791.77002,796.919983
796.599976,798,789.539978,795.900024
793.659973,799.5,789.51001,799.02002
800.309998,814.130005,799.5,813.640015
814.320007,821.650024,811.400024,817.140015
815.700012,816,803.440002,809.719971
809.5,811.72998,804.27002,807.47998
810,813.51001,807.320007,809.039978
815.280029,816.02002,806.26001,808.330017
806.799988,818.5,805.080017,817.880005
822,823.98999,814.5,822.440002
825.789978,837.419983,825.289978,836.52002
835.530029,843.840027,833,839.150024
839,839.700012,829.440002,835.77002
833,833.5,816.380005,830.380005
823.75,826.98999,819.559998,823.47998
829.210022,833.780029,824.940002,832.349976
836.590027,842.48999,828.26001,839.950012
806.719971,818.299988,804,810.200012
809.799988,810.719971,803,807.640015
809.309998,816.159973,807.5,812.5
812.690002,821.47998,812.5,819.710022
821.599976,825,819.710022,821.359985
823.820007,828,822.849976,827.460022
831.619995,843,828.549988,836.530029
837,838.309998,831.450012,836.390015
834,842.809998,832.820007,842.700012
841.840027,845,839.380005,844.140015
842,847.27002,840.72998,845.070007
848.840027,857.97998,847.25,856.440002
856.950012,858.429993,852.179993,855.609985
857.570007,860.859985,848,852.190002
844.690002,845.809998,837.75,845.23999
842.380005,852.5,839.669983,848.640015
851.450012,854.090027,842.049988,845.039978
853.049988,854.830017,849.01001,853.080017
853.080017,854.820007,847.280029,848.909973
847.200012,851.98999,846.27002,849.880005
845.22998,848.48999,841.119995,846.609985
845.47998,848.460022,843.75,846.02002
848,853.070007,846.789978,850.5
851,856.400024,850.309998,853
857,857.349976,851.719971,852.460022
851.77002,855.690002,851.710022,854.590027
853.549988,853.75,847.549988,852.530029
854.330017,854.450012,847.109985,852.969971
855.299988,855.5,850.51001,853.419983
853.48999,853.830017,850.640015,852.309998
851.51001,857.799988,851.01001,856.969971
858.840027,862.799988,841.309998,843.200012
840.429993,849.369995,839.049988,848.059998
848.200012,850.890015,844.799988,847.380005
851.679993,851.799988,843.530029,845.609985
838.070007,850.299988,833.5,846.820007
851.75,858.460022,850.099976,856
859.049988,876.440002,859.02002,874.320007
874.950012,877.059998,871.659973,876.340027
877,890.349976,876.650024,886.539978
888,893.48999,885.419983,891.51001
891.5,908.539978,890.280029,906.830017
910.820007,923.719971,905.619995,909.280029
913.799988,917.190002,894.48999,898.280029
899.650024,900.090027,889.309998,894.880005
899.630005,908.51001,899,907.039978
907.039978,911.23999,897.5,902.359985
903.090027,904.090027,895.25,896.22998
891.450012,894.969971,884.48999,884.669983
887.5,902.380005,887.5,901.98999
900.98999,909.609985,900.780029,903.780029
907.840027,910.5,897.369995,899.200012
899.700012,905.320007,896.289978,902.059998
902.669983,903.650024,896.77002,898.530029
908.679993,909.98999,903.820007,907.409973
907.039978,909.47998,903,907.619995
910.299988,915.75,907.559998,909.289978
914.390015,921.859985,912.109985,918.380005
948.830017,949.590027,924.330017,924.98999
927.799988,954.400024,927.799988,948.22998
946.650024,950.099976,941.409973,946.940002
946,946,935.900024,941.030029
944.75,945,934.219971,937.530029
940.52002,940.789978,930.299988,934.150024
940.950012,949.049988,939.210022,949.039978
952.799988,957.890015,950.200012,952.820007
953.5,953.75,945,948.950012
945.109985,950.289978,940.780029,947.619995
954.5,962.789978,951.530029,961.349976
958.72998,963.150024,956.059998,957.969971
961,970.059998,960.909973,966.070007
954.700012,960.400024,944.119995,944.76001
944.799988,962.75,944.76001,958.48999
962.840027,968.919983,959.719971,959.840027
964,971.380005,962.900024,970.669983
975.02002,975.200012,966.849976,971.539978
976,981,970.22998,980.349976
984.849976,999,982.109985,993.380005
995,998.650024,989.25,995.780029
996.51001,1001.200012,995.52002,996.700012
1000,1000.119995,982.159973,994.619995
998.590027,998.98999,991.369995,995.950012
998.98999,1008.47998,995.669983,1006.72998
1007.22998,1013.210022,1003.51001,1011.340027
1012,1016.5,1001.25,1003
1005.950012,1010.25,1002,1010.070007
1012.059998,1013.609985,1006.109985,1010.27002
1012.5,1012.98999,927,978.309998
967,975.950012,945,964.909973
977.98999,984.5,966.099976,980.789978
988.590027,990.340027,966.710022,976.469971
958.700012,965.72998,950.859985,964.169983
996,999.75,982,987.710022
1017,1017,989.900024,995.169983
998,1004.880005,992.02002,992.590027
998.700012,1002.719971,992.650024,1002.22998
1002.22998,1006.960022,997.200012,1001.299988
1002.539978,1004.619995,998.02002,1003.73999
1008.5,1009.799988,992,993.97998
990.690002,998.799988,976,976.780029
978.549988,990.679993,969.210022,990.330017
979,987.559998,965.25,975.929993
980.119995,983.469971,967.609985,968
972.789978,974.48999,951,953.659973
961.530029,975,955.25,971.400024
964.659973,974.400024,959.02002,965.140015
969.549988,980.109985,969.140015,978.76001
985,999.440002,983.5,996.469971
993,995.98999,983.719971,994.130005
1000.650024,1008.549988,998.099976,1006.51001
1004.619995,1006.880005,995.900024,1000.630005
1002.400024,1004.450012,996.890015,1001.809998
1004.690002,1014.75,1003.809998,1010.039978
1006,1026.030029,1004,1024.449951
1025,1031.589966,1022.5,1026.869995
1031.589966,1034.969971,1022.52002,1028.699951
1021.280029,1026.099976,1011,1025.670044
1028.339966,1043.01001,1027.430054,1038.949951
1038.050049,1043.329956,1032.47998,1039.869995
1043.199951,1053.199951,1043.199951,1052.800049
1069.550049,1083.310059,1040.180054,1046
1012.140015,1032.849976,1001,1020.039978
1019.049988,1019.049988,987.02002,987.780029
996.109985,1006.400024,991.580017,996.190002
1001.77002,1003.210022,981.72998,995.890015
999.469971,999.5,984.590027,986.919983
989.679993,991.669983,982,987.580017
990.650024,995,987.140015,992.27002
994.349976,996.280029,985.789978,989.840027
982.599976,988,975.27002,982.01001
976.299988,979.859985,954.679993,956.919983
960,970.390015,951.380005,967.98999
978.409973,985.5,976.190002,983.299988
988.900024,991.73999,982,982.73999
981.650024,986.460022,973.219971,978.179993
977.840027,977.840027,960.320007,960.570007
961.400024,965.429993,954.650024,958.469971
957.570007,961.200012,945.460022,953.289978
955.52002,967.929993,955.5,966.900024
959.380005,962,954.200012,958
957.419983,959,941.140015,952.450012
956,957.619995,944.099976,945.26001
946.539978,953,942.25,946.02002
940,956,936.330017,954.059998
958.440002,969.409973,956.909973,967.590027
974.700012,981,972.76001,980.599976
984.200012,984.5,976.880005,978.25
975.400024,976.77002,960.369995,965.27002
968.320007,971.840027,960.599976,967.799988
974,980.590027,972.549988,979.469971
979.099976,979.880005,963.469971,965.900024
974.460022,981.940002,974.219971,977.960022
983.27002,984.669983,975.52002,982.580017
983.969971,1000,979.419983,999.599976
996.799988,998.559998,987.73999,992.210022
993.01001,996.25,984.030029,986.789978
990.400024,992.789978,968.169983,974.190002
977.25,978.23999,967.460022,969.859985
971.789978,974.809998,962.159973,973.210022
971.309998,971.700012,962.02002,964.650024
961.01001,965.609985,954.419983,955.099976
949.309998,949.419983,932.890015,939.789978
945.48999,948.630005,931.75,938.599976
948,955.299988,943.299988,950.869995
951.859985,959.700012,950.099976,956.400024
960.109985,964.830017,958.380005,961.349976
964,967.309998,952.119995,959.190002
958,963.690002,950.369995,957.099976
954.210022,967.789978,954.049988,965.450012
970,981.51001,969.640015,980.849976
975.640015,995.75,975.640015,989.580017
993.23999,998.5,987.5,990.98999
996.669983,997.950012,980.099976,987.200012
991.27002,995.5,986.700012,995
996.809998,1008.440002,992.400024,1000.929993
1007,1007.77002,1001.030029,1002.940002
1008.440002,1009.570007,1001.039978,1006.340027
1005.590027,1011.469971,1004.380005,1009.130005
1009.27002,1022.309998,996.549988,997
990,991.049988,980.23999,986.609985
993.530029,994.619995,982,982.909973
986.72998,986.780029,962.5,966.299988
969,979.849976,965,975.900024
978,984.440002,966.23999,972.909973